Protocollo;Gruppo;DataOraIncidente;Localizzazione1;STRADA1;Localizzazione2;STRADA2;Strada02;Chilometrica;DaSpecificare;NaturaIncidente;particolaritastrade;TipoStrada;FondoStradale;Pavimentazione;Segnaletica;CondizioneAtmosferica;Traffico;Visibilita;Illuminazione;NUM_FERITI;NUM_RISERVATA;NUM_MORTI;NUM_ILLESI;Longitudine;Latitudine;Confermato;Progressivo;TipoVeicolo;StatoVeicolo;TipoPersona;Sesso;Tipolesione;Deceduto;DecedutoDopo;CinturaCascoUtilizzato;Airbag
2920053;6;02/08/2016 08:15;Strada Urbana;PIAZZA DELLA MARRANELLA;in corrispondenza;;del civico n.;15;;Scontro frontale/laterale DX fra veicoli in marcia;Rettilineo;Una carreggiata a doppio senso;Asciutto;Asfaltata;Verticale ed orizzontale;Sereno;Normale;Buona;Ore Diurne;0;0;0;2;12.54259;41.88039;-1;1;Autovettura privata;In marcia / fermata / arresto;Conducente;M;Illeso;0;;;
2920053;6;02/08/2016 08:15;Strada Urbana;PIAZZA DELLA MARRANELLA;in corrispondenza;;del civico n.;15;;Scontro frontale/laterale DX fra veicoli in marcia;Rettilineo;Una carreggiata a doppio senso;Asciutto;Asfaltata;Verticale ed orizzontale;Sereno;Normale;Buona;Ore Diurne;0;0;0;2;12.54259;41.88039;-1;2;Autovettura privata;In marcia / fermata / arresto;Conducente;M;Illeso;0;;;
2920054;2;01/08/2016 08:20;Strada Urbana;VIA SALARIA;all'intersezione con;VIA TIRSO;VIA TIRSO;;;Scontro laterale fra veicoli in marcia;Intersezione stradale segnalata;Una carreggiata a doppio senso;Asciutto;Asfaltata;Verticale ed orizzontale;Sereno;Normale;Buona;Ore Diurne;0;0;0;2;12.50401;41.92446;-1;1;Autocarro inferiore 35 q.;In marcia / fermata / arresto;Conducente;M;Illeso;0;;;
2920054;2;01/08/2016 08:20;Strada Urbana;VIA SALARIA;all'intersezione con;VIA TIRSO;VIA TIRSO;;;Scontro laterale fra veicoli in marcia;Intersezione stradale segnalata;Una carreggiata a doppio senso;Asciutto;Asfaltata;Verticale ed orizzontale;Sereno;Normale;Buona;Ore Diurne;0;0;0;2;12.50401;41.92446;-1;2;Autovettura privata;In marcia / fermata / arresto;Conducente;M;Illeso;0;;;
2920058;16;01/08/2016 19:50;Strada Urbana;VIA DI DONNA OLIMPIA;in corrispondenza;;del civico n.;268;;Scontro frontale/laterale DX fra veicoli in marcia;Rettilineo;Una carreggiata a doppio senso;Asciutto;Asfaltata;Verticale ed orizzontale;Sereno;Normale;Buona;Ore Diurne;0;0;0;2;12.45656;41.87387;-1;1;Motociclo a solo;In marcia / fermata / arresto;Conducente;M;Illeso;0;;Non accertato;
2920058;16;01/08/2016 19:50;Strada Urbana;VIA DI DONNA OLIMPIA;in corrispondenza;;del civico n.;268;;Scontro frontale/laterale DX fra veicoli in marcia;Rettilineo;Una carreggiata a doppio senso;Asciutto;Asfaltata;Verticale ed orizzontale;Sereno;Normale;Buona;Ore Diurne;0;0;0;2;12.45656;41.87387;-1;2;Autovettura privata;In marcia / fermata / arresto;Conducente;F;Illeso;0;;Non accertato;Inesploso
2920102;23;02/08/2016 02:00;Strada Urbana;VIALE VASCO DE GAMA;in prossimità;;del civico n.;84;;Veicolo in marcia contro veicoli in sosta;Rettilineo;Due carreggiate;Asciutto;Asfaltata;Assente;Sereno;Scarso;Buona;Sufficiente;0;0;0;1;12.27514;41.73466;-1;1;Autovettura privata;In marcia / fermata / arresto;Conducente;M;Illeso;0;;Utilizzato;Inesploso
2920146;16;02/08/2016 08:10;Strada Urbana;VIA GUIDO GUINIZELLI;in corrispondenza;;del civico n.;96;;Veicolo in marcia contro veicolo in sosta;Rettilineo;Una carreggiata a doppio senso;Asciutto;In cubetti di porfido;Orizzontale;Sereno;Normale;Buona;Ore Diurne;0;0;0;1;12.45907;41.87403;-1;1;Autovettura privata;In marcia / fermata / arresto;Conducente;F;Illeso;0;;Non accertato;Inesploso
2920148;12;02/08/2016 11:30;Regionale entro l'abitato;VIA LAURENTINA;in prossimità;;del civico n.;579;;Scontro laterale fra veicoli in marcia;Rettilineo;Due carreggiate;Asciutto;Asfaltata;Verticale ed orizzontale;Sereno;Normale;Buona;Ore Diurne;0;0;0;2;12.47955;41.8235;-1;1;Autovettura pubblica;In marcia / fermata / arresto;Conducente;M;Illeso;0;;Utilizzato;Inesploso
2920148;12;02/08/2016 11:30;Regionale entro l'abitato;VIA LAURENTINA;in prossimità;;del civico n.;579;;Scontro laterale fra veicoli in marcia;Rettilineo;Due carreggiate;Asciutto;Asfaltata;Verticale ed orizzontale;Sereno;Normale;Buona;Ore Diurne;0;0;0;2;12.47955;41.8235;-1;2;Autovettura privata;In marcia / fermata / arresto;Conducente;F;Illeso;0;;Utilizzato;Inesploso
2920246;17;01/08/2016 11:20;Strada Urbana;PIAZZA CAVOUR;da specificare;;;;all'altezza di via Tacito;Tamponamento;Rettilineo;Una carreggiata a doppio senso;Asciutto;In cubetti di porfido;Verticale ed orizzontale;Nuvoloso;Normale;Buona;Ore Diurne;1;0;0;1;12.46851;41.9054;-1;1;Autovettura privata;In marcia / fermata / arresto;Conducente;M;Rimandato;0;NON DECEDUTO;Non accertato;
2920246;17;01/08/2016 11:20;Strada Urbana;PIAZZA CAVOUR;da specificare;;;;all'altezza di via Tacito;Tamponamento;Rettilineo;Una carreggiata a doppio senso;Asciutto;In cubetti di porfido;Verticale ed orizzontale;Nuvoloso;Normale;Buona;Ore Diurne;1;0;0;1;12.46851;41.9054;-1;2;Autovettura privata;In marcia / fermata / arresto;Conducente;M;Illeso;0;;;
2920250;6;02/08/2016 11:11;Strada Urbana;VIA PRENESTINA;all'intersezione semaforizzata con;VIALE RONCHI;VIALE RONCHI;;;Tamponamento;Intersezione semaforizzata;Più di due carreggiate;Asciutto;Asfaltata;Verticale ed orizzontale;Sereno;Normale;Buona;Ore Diurne;1;0;0;0;12.54954;41.89372;-1;1;Motociclo a solo;In marcia / fermata / arresto;Conducente;F;Rimandato;0;NON DECEDUTO;Non accertato;
2920294;17;01/08/2016 11:40;Strada Urbana;VIA MONTE SANTO;in corrispondenza;;del civico n.;39;;Scontro laterale fra veicoli in marcia;Rettilineo;Una carreggiata a senso unico di marcia;Asciutto;Asfaltata;Verticale ed orizzontale;Sereno;Normale;Buona;Ore Diurne;0;0;0;2;12.45973;41.91643;-1;1;Autocarro inferiore 35 q.;In marcia / fermata / arresto;Conducente;M;Illeso;0;;Non accertato;Inesploso
2920294;17;01/08/2016 11:40;Strada Urbana;VIA MONTE SANTO;in corrispondenza;;del civico n.;39;;Scontro laterale fra veicoli in marcia;Rettilineo;Una carreggiata a senso unico di marcia;Asciutto;Asfaltata;Verticale ed orizzontale;Sereno;Normale;Buona;Ore Diurne;0;0;0;2;12.45973;41.91643;-1;2;Autovettura privata;In marcia / fermata / arresto;Conducente;M;Illeso;0;;Non accertato;Inesploso
2920309;17;01/08/2016 09:30;Strada Urbana;VIA MONTE ZEBIO;all'intersezione con;VIA COL DI LANA;VIA COL DI LANA;;;Scontro frontale/laterale SX fra veicoli in marcia;Incrocio;Una carreggiata a senso unico di marcia;Asciutto;Asfaltata;Verticale ed orizzontale;Sereno;Normale;Buona;Ore Diurne;1;0;0;1;12.46522;41.91876;-1;1;Autovettura privata;In marcia / fermata / arresto;Conducente;M;Illeso;0;;Non accertato;
2920309;17;01/08/2016 09:30;Strada Urbana;VIA MONTE ZEBIO;all'intersezione con;VIA COL DI LANA;VIA COL DI LANA;;;Scontro frontale/laterale SX fra veicoli in marcia;Incrocio;Una carreggiata a senso unico di marcia;Asciutto;Asfaltata;Verticale ed orizzontale;Sereno;Normale;Buona;Ore Diurne;1;0;0;1;12.46522;41.91876;-1;2;Motociclo a solo;In marcia / fermata / arresto;Conducente;M;Rimandato;0;NON DECEDUTO;;
2920347;1;01/08/2016 05:20;Strada Urbana;VIA DEL GAZOMETRO;in prossimità;;del civico n.;4;;Veicolo in marcia contro veicoli in sosta;Rettilineo;Una carreggiata a doppio senso;Asciutto;Asfaltata;Verticale;Nuvoloso;Scarso;Sufficiente;Sufficiente;0;0;0;2;12.47937;41.87083;-1;1;Autovettura privata;In marcia / fermata / arresto;Conducente;M;Illeso;0;;Non accertato;
2920347;1;01/08/2016 05:20;Strada Urbana;VIA DEL GAZOMETRO;in prossimità;;del civico n.;4;;Veicolo in marcia contro veicoli in sosta;Rettilineo;Una carreggiata a doppio senso;Asciutto;Asfaltata;Verticale;Nuvoloso;Scarso;Sufficiente;Sufficiente;0;0;0;2;12.47937;41.87083;-1;2;Autovettura privata;In marcia / fermata / arresto;Conducente;M;Illeso;0;;Non accertato;
2920358;1;01/08/2016 13:50;Strada Urbana;LUNGOTEVERE DEI PIERLEONI;all'intersezione semaforizzata con;PIAZZA GERUSALEMME;PIAZZA GERUSALEMME;;;Tamponamento;Intersezione semaforizzata;Una carreggiata a senso unico di marcia;Asciutto;Asfaltata;Verticale ed orizzontale;Sereno;Scarso;Buona;Ore Diurne;0;0;0;2;12.47955;41.89059;-1;1;Autovettura privata;In marcia / fermata / arresto;Conducente;F;Illeso;0;;Utilizzato;Inesploso
2920358;1;01/08/2016 13:50;Strada Urbana;LUNGOTEVERE DEI PIERLEONI;all'intersezione semaforizzata con;PIAZZA GERUSALEMME;PIAZZA GERUSALEMME;;;Tamponamento;Intersezione semaforizzata;Una carreggiata a senso unico di marcia;Asciutto;Asfaltata;Verticale ed orizzontale;Sereno;Scarso;Buona;Ore Diurne;0;0;0;2;12.47955;41.89059;-1;2;Autovettura privata;In marcia / fermata / arresto;Conducente;M;Illeso;0;;Utilizzato;Inesploso
2920394;1;01/08/2016 10:45;Strada Urbana;VIA CAVOUR;in corrispondenza;;del civico n.;83/a;;Tamponamento;Rettilineo;Una carreggiata a doppio senso;Asciutto;Asfaltata;Verticale ed orizzontale;Sereno;Normale;Buona;Ore Diurne;1;0;0;2;12.4967;41.89818;-1;1;Autovettura di polizia;In marcia / fermata / arresto;Conducente;M;Illeso;0;;Non accertato;Inesploso
2920394;1;01/08/2016 10:45;Strada Urbana;VIA CAVOUR;in corrispondenza;;del civico n.;83/a;;Tamponamento;Rettilineo;Una carreggiata a doppio senso;Asciutto;Asfaltata;Verticale ed orizzontale;Sereno;Normale;Buona;Ore Diurne;1;0;0;2;12.4967;41.89818;-1;1;Autovettura di polizia;In marcia / fermata / arresto;Passeggero;M;Illeso;0;;Non accertato;
2920394;1;01/08/2016 10:45;Strada Urbana;VIA CAVOUR;in corrispondenza;;del civico n.;83/a;;Tamponamento;Rettilineo;Una carreggiata a doppio senso;Asciutto;Asfaltata;Verticale ed orizzontale;Sereno;Normale;Buona;Ore Diurne;1;0;0;2;12.4967;41.89818;-1;2;Motociclo a solo;In marcia / fermata / arresto;Conducente;M;Rimandato;0;NON DECEDUTO;Non accertato;
2920423;2;02/08/2016 14:15;Strada Urbana;VIA SALARIA;all'intersezione semaforizzata con;VIA BRUXELLES;VIA BRUXELLES;;;Scontro frontale/laterale SX fra veicoli in marcia;Intersezione semaforizzata;Una carreggiata a doppio senso;Asciutto;Asfaltata;Verticale ed orizzontale;Sereno;Normale;Buona;Ore Diurne;1;0;0;1;12.50156;41.92243;-1;1;Autovettura privata;In marcia / fermata / arresto;Conducente;M;Rimandato;0;NON DECEDUTO;;
2920423;2;02/08/2016 14:15;Strada Urbana;VIA SALARIA;all'intersezione semaforizzata con;VIA BRUXELLES;VIA BRUXELLES;;;Scontro frontale/laterale SX fra veicoli in marcia;Intersezione semaforizzata;Una carreggiata a doppio senso;Asciutto;Asfaltata;Verticale ed orizzontale;Sereno;Normale;Buona;Ore Diurne;1;0;0;1;12.50156;41.92243;-1;2;Autocarro inferiore 35 q.;In marcia / fermata / arresto;Conducente;M;Illeso;0;;;
2920424;1;01/08/2016 12:40;Strada Urbana;VIA MERULANA;in prossimità;;del civico n.;249;;Investimento di pedone;Rettilineo;Una carreggiata a doppio senso;Asciutto;Asfaltata;Verticale ed orizzontale;Sereno;Normale;Buona;Ore Diurne;1;0;0;1;12.50051;41.89454;-1;;;;Pedone;M;Rimandato;0;NON DECEDUTO;;
2920424;1;01/08/2016 12:40;Strada Urbana;VIA MERULANA;in prossimità;;del civico n.;249;;Investimento di pedone;Rettilineo;Una carreggiata a doppio senso;Asciutto;Asfaltata;Verticale ed orizzontale;Sereno;Normale;Buona;Ore Diurne;1;0;0;1;12.50051;41.89454;-1;1;Autovettura privata;In marcia / fermata / arresto;Conducente;M;Illeso;0;;Utilizzato;Inesploso
2920477;10;01/08/2016 20:00;Strada Urbana;VIA EMANUELE CARNEVALE;all'intersezione con;VIA ENRICO FERRI;VIA ENRICO FERRI;;;Veicolo in marcia contro ostacolo fisso;Incrocio;Una carreggiata a senso unico di marcia;Asciutto;Asfaltata;Verticale ed orizzontale;Sereno;Normale;Buona;Sufficiente;0;0;0;1;12.60311;41.85054;-1;1;Autovettura privata;In marcia / fermata / arresto;Conducente;F;Illeso;0;;Non accertato;Inesploso
2920478;1;01/08/2016 15:20;Strada Urbana;LARGO DELLE VITTIME DEL TERRORISMO;all'intersezione semaforizzata con;VIALE DELLE TERME DI CARACALLA;VIALE DELLE TERME DI CARACALLA;;;Tamponamento Multiplo;Intersezione semaforizzata;Una carreggiata a doppio senso;Asciutto;Asfaltata;Verticale ed orizzontale;Sereno;Intenso;Buona;Ore Diurne;2;0;0;1;12.49016;41.88343;-1;1;Autovettura privata;In marcia / fermata / arresto;Conducente;M;Rimandato;0;NON DECEDUTO;Utilizzato;Inesploso
2920478;1;01/08/2016 15:20;Strada Urbana;LARGO DELLE VITTIME DEL TERRORISMO;all'intersezione semaforizzata con;VIALE DELLE TERME DI CARACALLA;VIALE DELLE TERME DI CARACALLA;;;Tamponamento Multiplo;Intersezione semaforizzata;Una carreggiata a doppio senso;Asciutto;Asfaltata;Verticale ed orizzontale;Sereno;Intenso;Buona;Ore Diurne;2;0;0;1;12.49016;41.88343;-1;2;Autovettura pubblica;In marcia / fermata / arresto;Conducente;M;Illeso;0;;Utilizzato;Inesploso
2920478;1;01/08/2016 15:20;Strada Urbana;LARGO DELLE VITTIME DEL TERRORISMO;all'intersezione semaforizzata con;VIALE DELLE TERME DI CARACALLA;VIALE DELLE TERME DI CARACALLA;;;Tamponamento Multiplo;Intersezione semaforizzata;Una carreggiata a doppio senso;Asciutto;Asfaltata;Verticale ed orizzontale;Sereno;Intenso;Buona;Ore Diurne;2;0;0;1;12.49016;41.88343;-1;3;Autovettura privata;In marcia / fermata / arresto;Conducente;F;Rifiuta cure immediate;0;NON DECEDUTO;Utilizzato;Inesploso
2920482;10;02/08/2016 09:55;Strada Urbana;PIAZZA DI CINECITTA';da specificare;;;;direzione Roma Centro prossim. via O. Pulvillo;Tamponamento Multiplo;Rettilineo;Due carreggiate;Asciutto;Asfaltata;Verticale ed orizzontale;Sereno;Intenso;Buona;Ore Diurne;0;0;0;6;12.56812;41.8537;-1;1;Autovettura privata;In marcia / fermata / arresto;Conducente;F;Illeso;0;;;Inesploso
2920482;10;02/08/2016 09:55;Strada Urbana;PIAZZA DI CINECITTA';da specificare;;;;direzione Roma Centro prossim. via O. Pulvillo;Tamponamento Multiplo;Rettilineo;Due carreggiate;Asciutto;Asfaltata;Verticale ed orizzontale;Sereno;Intenso;Buona;Ore Diurne;0;0;0;6;12.56812;41.8537;-1;1;Autovettura privata;In marcia / fermata / arresto;Passeggero;F;Illeso;0;;Non accertato;Inesploso
2920482;10;02/08/2016 09:55;Strada Urbana;PIAZZA DI CINECITTA';da specificare;;;;direzione Roma Centro prossim. via O. Pulvillo;Tamponamento Multiplo;Rettilineo;Due carreggiate;Asciutto;Asfaltata;Verticale ed orizzontale;Sereno;Intenso;Buona;Ore Diurne;0;0;0;6;12.56812;41.8537;-1;1;Autovettura privata;In marcia / fermata / arresto;Passeggero;M;Illeso;0;;Non accertato;Inesploso
2920482;10;02/08/2016 09:55;Strada Urbana;PIAZZA DI CINECITTA';da specificare;;;;direzione Roma Centro prossim. via O. Pulvillo;Tamponamento Multiplo;Rettilineo;Due carreggiate;Asciutto;Asfaltata;Verticale ed orizzontale;Sereno;Intenso;Buona;Ore Diurne;0;0;0;6;12.56812;41.8537;-1;2;Autovettura privata;In marcia / fermata / arresto;Conducente;F;Illeso;0;;Utilizzato;Inesploso
2920482;10;02/08/2016 09:55;Strada Urbana;PIAZZA DI CINECITTA';da specificare;;;;direzione Roma Centro prossim. via O. Pulvillo;Tamponamento Multiplo;Rettilineo;Due carreggiate;Asciutto;Asfaltata;Verticale ed orizzontale;Sereno;Intenso;Buona;Ore Diurne;0;0;0;6;12.56812;41.8537;-1;3;Autoveicolo trasp.promisc.;In marcia / fermata / arresto;Conducente;F;Illeso;0;;Non accertato;Esploso
2920482;10;02/08/2016 09:55;Strada Urbana;PIAZZA DI CINECITTA';da specificare;;;;direzione Roma Centro prossim. via O. Pulvillo;Tamponamento Multiplo;Rettilineo;Due carreggiate;Asciutto;Asfaltata;Verticale ed orizzontale;Sereno;Intenso;Buona;Ore Diurne;0;0;0;6;12.56812;41.8537;-1;3;Autoveicolo trasp.promisc.;In marcia / fermata / arresto;Passeggero;F;Illeso;0;;Non accertato;Inesploso
2920506;1;02/08/2016 11:30;Strada Urbana;LUNGOTEVERE RAFFAELLO SANZIO;all'intersezione semaforizzata con;PONTE GARIBALDI;PONTE GARIBALDI;;;Tamponamento;Intersezione semaforizzata;Una carreggiata a senso unico di marcia;Asciutto;Asfaltata;Verticale ed orizzontale;Sereno;Normale;Buona;Ore Diurne;1;0;0;1;12.47207;41.89078;-1;1;Motociclo a solo;In marcia / fermata / arresto;Conducente;M;Rimandato;0;NON DECEDUTO;;
2920506;1;02/08/2016 11:30;Strada Urbana;LUNGOTEVERE RAFFAELLO SANZIO;all'intersezione semaforizzata con;PONTE GARIBALDI;PONTE GARIBALDI;;;Tamponamento;Intersezione semaforizzata;Una carreggiata a senso unico di marcia;Asciutto;Asfaltata;Verticale ed orizzontale;Sereno;Normale;Buona;Ore Diurne;1;0;0;1;12.47207;41.89078;-1;2;Autocarro inferiore 35 q.;In marcia / fermata / arresto;Conducente;M;Illeso;0;;Non accertato;
2920615;2;02/08/2016 17:25;Strada Urbana;VIA ANGELO SECCHI;da specificare;;;;prossimità Viale Parioli;Veicolo in marcia contro veicoli in sosta;Rettilineo;Una carreggiata a senso unico di marcia;Asciutto;Asfaltata;Verticale ed orizzontale;Sereno;Normale;Buona;Ore Diurne;0;0;0;1;12.48956;41.92479;-1;1;Autovettura privata;In marcia / fermata / arresto;Conducente;F;Illeso;0;;Non accertato;Inesploso
2920632;6;02/08/2016 17:45;Strada Urbana;VIA TOR DE' SCHIAVI;all'intersezione semaforizzata con;VIA PRENESTINA;VIA PRENESTINA;;;Veicolo in marcia contro veicolo arresto;Intersezione semaforizzata;Due carreggiate;Asciutto;Asfaltata;Verticale ed orizzontale;Sereno;Normale;Buona;Ore Diurne;0;0;0;3;12.55892;41.89478;-1;1;Autovettura privata;In marcia / fermata / arresto;Conducente;M;Illeso;0;;Non accertato;Inesploso
2920632;6;02/08/2016 17:45;Strada Urbana;VIA TOR DE' SCHIAVI;all'intersezione semaforizzata con;VIA PRENESTINA;VIA PRENESTINA;;;Veicolo in marcia contro veicolo arresto;Intersezione semaforizzata;Due carreggiate;Asciutto;Asfaltata;Verticale ed orizzontale;Sereno;Normale;Buona;Ore Diurne;0;0;0;3;12.55892;41.89478;-1;1;Autovettura privata;In marcia / fermata / arresto;Passeggero;M;Illeso;0;;Non accertato;Inesploso
2920632;6;02/08/2016 17:45;Strada Urbana;VIA TOR DE' SCHIAVI;all'intersezione semaforizzata con;VIA PRENESTINA;VIA PRENESTINA;;;Veicolo in marcia contro veicolo arresto;Intersezione semaforizzata;Due carreggiate;Asciutto;Asfaltata;Verticale ed orizzontale;Sereno;Normale;Buona;Ore Diurne;0;0;0;3;12.55892;41.89478;-1;2;Autovettura privata;In marcia / fermata / arresto;Conducente;F;Illeso;0;;;
2920691;15;02/08/2016 16:00;Strada Urbana;VIA DEL MONTE DELLE CAPRE;in corrispondenza;;del civico n.;19;;Scontro frontale/laterale SX fra veicoli in marcia;Rettilineo;Una carreggiata a doppio senso;Asciutto;Asfaltata;Verticale;Sereno;Normale;Buona;Ore Diurne;1;0;0;2;12.43437;41.8447;-1;1;Autovettura privata;In marcia / fermata / arresto;Conducente;M;Illeso;0;;;
2920691;15;02/08/2016 16:00;Strada Urbana;VIA DEL MONTE DELLE CAPRE;in corrispondenza;;del civico n.;19;;Scontro frontale/laterale SX fra veicoli in marcia;Rettilineo;Una carreggiata a doppio senso;Asciutto;Asfaltata;Verticale;Sereno;Normale;Buona;Ore Diurne;1;0;0;2;12.43437;41.8447;-1;1;Autovettura privata;In marcia / fermata / arresto;Passeggero;M;Illeso;0;;;
2920691;15;02/08/2016 16:00;Strada Urbana;VIA DEL MONTE DELLE CAPRE;in corrispondenza;;del civico n.;19;;Scontro frontale/laterale SX fra veicoli in marcia;Rettilineo;Una carreggiata a doppio senso;Asciutto;Asfaltata;Verticale;Sereno;Normale;Buona;Ore Diurne;1;0;0;2;12.43437;41.8447;-1;2;Motociclo a solo;In marcia / fermata / arresto;Conducente;M;Rimandato;0;NON DECEDUTO;;
2920780;13;02/08/2016 17:00;Strada Urbana;VIA DELL'APPAGLIATORE;in corrispondenza;;del civico n.;52;;Veicolo in marcia contro veicolo in sosta;Rettilineo;Una carreggiata a doppio senso;Asciutto;Asfaltata;Assente;Sereno;Normale;Buona;Ore Diurne;0;0;0;1;12.26458;41.73936;-1;2;Autovettura privata;In marcia / fermata / arresto;Conducente;M;Illeso;0;;Non accertato;Inesploso
2920840;13;02/08/2016 15:45;Strada Urbana;VIALE DEI ROMAGNOLI;all'intersezione con;VIA DEL MARE;VIA DEL MARE;;;Scontro laterale fra veicoli in marcia;Incrocio;Una carreggiata a doppio senso;Asciutto;Asfaltata;Verticale ed orizzontale;Sereno;Normale;Sufficiente;Ore Diurne;0;0;0;6;12.3043;41.7597;-1;1;Autovettura privata;In marcia / fermata / arresto;Conducente;F;Illeso;0;;Non accertato;Inesploso
2920840;13;02/08/2016 15:45;Strada Urbana;VIALE DEI ROMAGNOLI;all'intersezione con;VIA DEL MARE;VIA DEL MARE;;;Scontro laterale fra veicoli in marcia;Incrocio;Una carreggiata a doppio senso;Asciutto;Asfaltata;Verticale ed orizzontale;Sereno;Normale;Sufficiente;Ore Diurne;0;0;0;6;12.3043;41.7597;-1;2;Autovettura privata;In marcia / fermata / arresto;Conducente;F;Illeso;0;;Non accertato;Inesploso
2920840;13;02/08/2016 15:45;Strada Urbana;VIALE DEI ROMAGNOLI;all'intersezione con;VIA DEL MARE;VIA DEL MARE;;;Scontro laterale fra veicoli in marcia;Incrocio;Una carreggiata a doppio senso;Asciutto;Asfaltata;Verticale ed orizzontale;Sereno;Normale;Sufficiente;Ore Diurne;0;0;0;6;12.3043;41.7597;-1;2;Autovettura privata;In marcia / fermata / arresto;Passeggero;F;Illeso;0;;Non accertato;Inesploso
2920840;13;02/08/2016 15:45;Strada Urbana;VIALE DEI ROMAGNOLI;all'intersezione con;VIA DEL MARE;VIA DEL MARE;;;Scontro laterale fra veicoli in marcia;Incrocio;Una carreggiata a doppio senso;Asciutto;Asfaltata;Verticale ed orizzontale;Sereno;Normale;Sufficiente;Ore Diurne;0;0;0;6;12.3043;41.7597;-1;2;Autovettura privata;In marcia / fermata / arresto;Passeggero;F;Illeso;0;;Non accertato;Inesploso
2920840;13;02/08/2016 15:45;Strada Urbana;VIALE DEI ROMAGNOLI;all'intersezione con;VIA DEL MARE;VIA DEL MARE;;;Scontro laterale fra veicoli in marcia;Incrocio;Una carreggiata a doppio senso;Asciutto;Asfaltata;Verticale ed orizzontale;Sereno;Normale;Sufficiente;Ore Diurne;0;0;0;6;12.3043;41.7597;-1;2;Autovettura privata;In marcia / fermata / arresto;Passeggero;M;Illeso;0;;Non accertato;Inesploso
2920840;13;02/08/2016 15:45;Strada Urbana;VIALE DEI ROMAGNOLI;all'intersezione con;VIA DEL MARE;VIA DEL MARE;;;Scontro laterale fra veicoli in marcia;Incrocio;Una carreggiata a doppio senso;Asciutto;Asfaltata;Verticale ed orizzontale;Sereno;Normale;Sufficiente;Ore Diurne;0;0;0;6;12.3043;41.7597;-1;2;Autovettura privata;In marcia / fermata / arresto;Passeggero;M;Illeso;0;;Non accertato;Inesploso
2920842;13;02/08/2016 16:30;Strada Urbana;CORSO DUCA DI GENOVA;all'intersezione con;VIALE DELLE REPUBBLICHE MARINARE;VIALE DELLE REPUBBLICHE MARINARE;;;Scontro laterale fra veicoli in marcia;Intersezione stradale segnalata;Due carreggiate;Asciutto;Asfaltata;Verticale ed orizzontale;Sereno;Normale;Buona;Ore Diurne;0;0;0;4;12.26819;41.73496;-1;1;Autovettura privata;In marcia / fermata / arresto;Conducente;F;Illeso;0;;;
2920842;13;02/08/2016 16:30;Strada Urbana;CORSO DUCA DI GENOVA;all'intersezione con;VIALE DELLE REPUBBLICHE MARINARE;VIALE DELLE REPUBBLICHE MARINARE;;;Scontro laterale fra veicoli in marcia;Intersezione stradale segnalata;Due carreggiate;Asciutto;Asfaltata;Verticale ed orizzontale;Sereno;Normale;Buona;Ore Diurne;0;0;0;4;12.26819;41.73496;-1;1;Autovettura privata;In marcia / fermata / arresto;Passeggero;F;Illeso;0;;;
2920842;13;02/08/2016 16:30;Strada Urbana;CORSO DUCA DI GENOVA;all'intersezione con;VIALE DELLE REPUBBLICHE MARINARE;VIALE DELLE REPUBBLICHE MARINARE;;;Scontro laterale fra veicoli in marcia;Intersezione stradale segnalata;Due carreggiate;Asciutto;Asfaltata;Verticale ed orizzontale;Sereno;Normale;Buona;Ore Diurne;0;0;0;4;12.26819;41.73496;-1;1;Autovettura privata;In marcia / fermata / arresto;Passeggero;F;Illeso;0;;;
2920842;13;02/08/2016 16:30;Strada Urbana;CORSO DUCA DI GENOVA;all'intersezione con;VIALE DELLE REPUBBLICHE MARINARE;VIALE DELLE REPUBBLICHE MARINARE;;;Scontro laterale fra veicoli in marcia;Intersezione stradale segnalata;Due carreggiate;Asciutto;Asfaltata;Verticale ed orizzontale;Sereno;Normale;Buona;Ore Diurne;0;0;0;4;12.26819;41.73496;-1;2;Autovettura privata;In marcia / fermata / arresto;Conducente;M;Illeso;0;;;
2920843;13;02/08/2016 17:15;Strada Urbana;VIA VINCENZO VANNUTELLI;all'intersezione con;VIALE CARDINAL GINNASI;VIALE CARDINAL GINNASI;;;Scontro laterale fra veicoli in marcia;Intersezione semaforizzata;Una carreggiata a senso unico di marcia;Asciutto;Asfaltata;Verticale ed orizzontale;Sereno;Normale;Buona;Ore Diurne;0;0;0;4;12.28083;41.7326;-1;1;Autovettura privata;In marcia / fermata / arresto;Conducente;F;Illeso;0;;;
2920843;13;02/08/2016 17:15;Strada Urbana;VIA VINCENZO VANNUTELLI;all'intersezione con;VIALE CARDINAL GINNASI;VIALE CARDINAL GINNASI;;;Scontro laterale fra veicoli in marcia;Intersezione semaforizzata;Una carreggiata a senso unico di marcia;Asciutto;Asfaltata;Verticale ed orizzontale;Sereno;Normale;Buona;Ore Diurne;0;0;0;4;12.28083;41.7326;-1;1;Autovettura privata;In marcia / fermata / arresto;Passeggero;F;Illeso;0;;;