Protocollo;Gruppo;DataOraIncidente;Localizzazione1;STRADA1;Localizzazione2;STRADA2;Strada02;Chilometrica;DaSpecificare;NaturaIncidente;particolaritastrade;TipoStrada;FondoStradale;Pavimentazione;Segnaletica;CondizioneAtmosferica;Traffico;Visibilita;Illuminazione;NUM_FERITI;NUM_RISERVATA;NUM_MORTI;NUM_ILLESI;Longitudine;Latitudine;Confermato;Progressivo;TipoVeicolo;StatoVeicolo;TipoPersona;Sesso;Tipolesione;Deceduto;DecedutoDopo;CinturaCascoUtilizzato;Airbag
2925595;9;05/08/2016 18:50;Strada Urbana;VIA DEMETRIADE;da specificare;;;;prossimità via  Appia Nuova;Veicolo in marcia contro ostacolo accidentale;Rettilineo;Una carreggiata a doppio senso;Viscido da liquidi oleosi;Asfaltata;Verticale ed orizzontale;Pioggia in atto;Normale;Buona;Ore Diurne;1;0;0;0;12.53415;41.86109;-1;1;Motociclo a solo;In marcia / fermata / arresto;Conducente;M;Rimandato;0;NON DECEDUTO;Non accertato;
2925596;10;07/08/2016 05:30;Strada Urbana;VIA ANAGNINA;in prossimità;;del civico n.;520;;Scontro frontale fra veicoli in marcia;Rettilineo;Una carreggiata a senso unico di marcia;Asciutto;Asfaltata;Verticale ed orizzontale;Sereno;Scarso;Buona;Ore Diurne;2;0;0;2;12.63026;41.80731;-1;1;Autovettura privata;In marcia / fermata / arresto;Passeggero;M;Rimandato;0;NON DECEDUTO;Non accertato;Esploso
2925596;10;07/08/2016 05:30;Strada Urbana;VIA ANAGNINA;in prossimità;;del civico n.;520;;Scontro frontale fra veicoli in marcia;Rettilineo;Una carreggiata a senso unico di marcia;Asciutto;Asfaltata;Verticale ed orizzontale;Sereno;Scarso;Buona;Ore Diurne;2;0;0;2;12.63026;41.80731;-1;2;Autovettura privata;In marcia / fermata / arresto;Conducente;M;Illeso;0;;Non accertato;Esploso
2925596;10;07/08/2016 05:30;Strada Urbana;VIA ANAGNINA;in prossimità;;del civico n.;520;;Scontro frontale fra veicoli in marcia;Rettilineo;Una carreggiata a senso unico di marcia;Asciutto;Asfaltata;Verticale ed orizzontale;Sereno;Scarso;Buona;Ore Diurne;2;0;0;2;12.63026;41.80731;-1;2;Autovettura privata;In marcia / fermata / arresto;Passeggero;M;Rimandato;0;NON DECEDUTO;Non accertato;Inesploso
2925596;10;07/08/2016 05:30;Strada Urbana;VIA ANAGNINA;in prossimità;;del civico n.;520;;Scontro frontale fra veicoli in marcia;Rettilineo;Una carreggiata a senso unico di marcia;Asciutto;Asfaltata;Verticale ed orizzontale;Sereno;Scarso;Buona;Ore Diurne;2;0;0;2;12.63026;41.80731;-1;2;Autovettura privata;In marcia / fermata / arresto;Passeggero;M;Illeso;0;;Non accertato;Esploso
2925597;12;06/08/2016 19:50;Strada Urbana;VIA LAURENTINA;da specificare;;;;dir. G.R.A. altezza l.go della Cecchignola;Investimento di pedone;Rettilineo;Due carreggiate;Asciutto;Asfaltata;Verticale ed orizzontale;Sereno;Scarso;Buona;Ore Diurne;1;1;0;0;12.48551;41.81357;-1;;;;Pedone;F;Prognosi riservata;0;NON DECEDUTO;;
2925597;12;06/08/2016 19:50;Strada Urbana;VIA LAURENTINA;da specificare;;;;dir. G.R.A. altezza l.go della Cecchignola;Investimento di pedone;Rettilineo;Due carreggiate;Asciutto;Asfaltata;Verticale ed orizzontale;Sereno;Scarso;Buona;Ore Diurne;1;1;0;0;12.48551;41.81357;-1;1;Autovettura privata;In marcia / fermata / arresto;Conducente;F;Rimandato;0;NON DECEDUTO;Utilizzato;Inesploso
2925600;10;07/08/2016 19:15;Strada Urbana;VIA GASPERINA;all'intersezione con;VIA CROPANI;VIA CROPANI;;;Scontro frontale/laterale SX fra veicoli in marcia;Incrocio;Una carreggiata a doppio senso;Asciutto;Asfaltata;Verticale ed orizzontale;Sereno;Normale;Buona;Ore Diurne;2;0;0;2;12.59948;41.83258;-1;1;Autovettura privata;In marcia / fermata / arresto;Conducente;M;Rimandato;0;NON DECEDUTO;Non accertato;Esploso
2925600;10;07/08/2016 19:15;Strada Urbana;VIA GASPERINA;all'intersezione con;VIA CROPANI;VIA CROPANI;;;Scontro frontale/laterale SX fra veicoli in marcia;Incrocio;Una carreggiata a doppio senso;Asciutto;Asfaltata;Verticale ed orizzontale;Sereno;Normale;Buona;Ore Diurne;2;0;0;2;12.59948;41.83258;-1;1;Autovettura privata;In marcia / fermata / arresto;Passeggero;F;Rimandato;0;NON DECEDUTO;Non accertato;Esploso
2925600;10;07/08/2016 19:15;Strada Urbana;VIA GASPERINA;all'intersezione con;VIA CROPANI;VIA CROPANI;;;Scontro frontale/laterale SX fra veicoli in marcia;Incrocio;Una carreggiata a doppio senso;Asciutto;Asfaltata;Verticale ed orizzontale;Sereno;Normale;Buona;Ore Diurne;2;0;0;2;12.59948;41.83258;-1;2;Autovettura privata;In marcia / fermata / arresto;Conducente;F;Illeso;0;;Non accertato;Inesploso
2925600;10;07/08/2016 19:15;Strada Urbana;VIA GASPERINA;all'intersezione con;VIA CROPANI;VIA CROPANI;;;Scontro frontale/laterale SX fra veicoli in marcia;Incrocio;Una carreggiata a doppio senso;Asciutto;Asfaltata;Verticale ed orizzontale;Sereno;Normale;Buona;Ore Diurne;2;0;0;2;12.59948;41.83258;-1;2;Autovettura privata;In marcia / fermata / arresto;Passeggero;F;Illeso;0;;Non accertato;Inesploso
2925617;5;06/08/2016 09:40;Strada Urbana;VIA DELLA TENUTA DEL CAVALIERE;in corrispondenza;;del civico n.;40;;Scontro frontale fra veicoli in marcia;Rettilineo;Una carreggiata a doppio senso;Asciutto;Asfaltata;Orizzontale;Sereno;Normale;Buona;Ore Diurne;0;1;0;1;12.6552;41.93949;-1;1;Autovettura privata;In marcia / fermata / arresto;Conducente;M;Illeso;0;;Non accertato;
2925617;5;06/08/2016 09:40;Strada Urbana;VIA DELLA TENUTA DEL CAVALIERE;in corrispondenza;;del civico n.;40;;Scontro frontale fra veicoli in marcia;Rettilineo;Una carreggiata a doppio senso;Asciutto;Asfaltata;Orizzontale;Sereno;Normale;Buona;Ore Diurne;0;1;0;1;12.6552;41.93949;-1;2;Motociclo a solo;In marcia / fermata / arresto;Conducente;M;Prognosi riservata;0;NON DECEDUTO;Non accertato;
2925625;8;06/08/2016 08:50;Strada Urbana;VIALE OXFORD;in prossimità;;del civico n.;81;;Veicolo in marcia contro ostacolo accidentale;Rettilineo;Una carreggiata a senso unico di marcia;Asciutto;Asfaltata;Verticale ed orizzontale;Sereno;Normale;Buona;Ore Diurne;1;0;0;0;12.6299;41.85846;-1;1;Motociclo a solo;In marcia / fermata / arresto;Conducente;F;Rimandato;0;NON DECEDUTO;Non accertato;
2925627;8;06/08/2016 09:00;Strada Urbana;VIALE OXFORD;in prossimità;;del civico n.;81;;Veicolo in marcia contro ostacolo accidentale;Rettilineo;Una carreggiata a senso unico di marcia;Asciutto;Asfaltata;Verticale ed orizzontale;Sereno;Normale;Buona;Ore Diurne;1;0;0;0;12.6299;41.85846;-1;1;Motociclo a solo;In marcia / fermata / arresto;Conducente;M;Rifiuta cure immediate;0;NON DECEDUTO;Non accertato;
2925628;13;07/08/2016 16:30;Strada Urbana;VIA ERNESTO GIOVANNINI;da specificare;;;;fronte civico 26;Veicolo in marcia contro ostacolo fisso;Rettilineo;Due carreggiate;Asciutto;Strada pavimentata dissestata;Verticale;Sereno;Scarso;Buona;Ore Diurne;0;0;0;1;12.29519;41.73258;-1;1;Autovettura privata;In marcia / fermata / arresto;Conducente;M;Illeso;0;;Non accertato;Inesploso
2925629;5;06/08/2016 10:40;Strada Urbana;VIALE KANT;da specificare;;;;altezza via COMTE;Veicolo in marcia contro veicolo in sosta;Rettilineo;Due carreggiate;Asciutto;Asfaltata;Orizzontale;Sereno;Normale;Buona;Ore Diurne;1;0;0;0;12.55607;41.93291;-1;1;Autovettura privata;In marcia / fermata / arresto;Conducente;F;Rimandato;0;NON DECEDUTO;Non accertato;Inesploso
2925637;19;06/08/2016 03:30;Strada Urbana;VIA OTTAVIO GIGLI;in prossimità;;del civico n.;11;;Veicolo in marcia contro ostacolo fisso;Rettilineo;Una carreggiata a senso unico di marcia;Asciutto;Asfaltata;Orizzontale;Sereno;Normale;Buona;Ore Diurne;0;0;0;1;12.56738;41.87194;-1;1;Autovettura privata;In marcia / fermata / arresto;Conducente;M;Illeso;0;;Non accertato;Esploso
2925658;19;06/08/2016 22:00;Strada Urbana;GALLERIA GIOVANNI XXIII;da specificare;;;;pross.tà entrata Via Mario Fani;Veicolo in marcia contro ostacolo fisso;Galleria illuminata;Una carreggiata a senso unico di marcia;Asciutto;Asfaltata;Orizzontale;Sereno;Scarso;Sufficiente;Sufficiente;0;0;0;1;12.44106;41.94044;-1;1;Autovettura privata;In marcia / fermata / arresto;Conducente;M;Illeso;0;;Non accertato;Inesploso
2925662;13;06/08/2016 12:00;Strada Urbana;VIA AMEDEO BOCCHI;da specificare;;;;area parcheggio PP.TT;Scontro laterale fra veicoli in marcia;Rettilineo;Una carreggiata a doppio senso;Asciutto;Asfaltata;Assente;Sereno;Scarso;Buona;Ore Diurne;0;0;0;3;12.35043;41.77602;-1;1;Autocarro inferiore 35 q.;In marcia / fermata / arresto;Conducente;F;Illeso;0;;Non accertato;Inesploso
2925662;13;06/08/2016 12:00;Strada Urbana;VIA AMEDEO BOCCHI;da specificare;;;;area parcheggio PP.TT;Scontro laterale fra veicoli in marcia;Rettilineo;Una carreggiata a doppio senso;Asciutto;Asfaltata;Assente;Sereno;Scarso;Buona;Ore Diurne;0;0;0;3;12.35043;41.77602;-1;2;Autovettura privata;In marcia / fermata / arresto;Conducente;M;Illeso;0;;Non accertato;Inesploso
2925662;13;06/08/2016 12:00;Strada Urbana;VIA AMEDEO BOCCHI;da specificare;;;;area parcheggio PP.TT;Scontro laterale fra veicoli in marcia;Rettilineo;Una carreggiata a doppio senso;Asciutto;Asfaltata;Assente;Sereno;Scarso;Buona;Ore Diurne;0;0;0;3;12.35043;41.77602;-1;2;Autovettura privata;In marcia / fermata / arresto;Passeggero;F;Illeso;0;;Non accertato;Inesploso
2925663;5;06/08/2016 11:45;Strada Urbana;VIA DI CASAL DEI PAZZI;in corrispondenza;;del civico n.;71;;Investimento di pedone;Rettilineo;Una carreggiata a doppio senso;Asciutto;Asfaltata;Verticale ed orizzontale;Sereno;Normale;Buona;Ore Diurne;1;0;0;1;12.56943;41.92751;-1;;;;Pedone;M;Ricoverato;0;NON DECEDUTO;;
2925663;5;06/08/2016 11:45;Strada Urbana;VIA DI CASAL DEI PAZZI;in corrispondenza;;del civico n.;71;;Investimento di pedone;Rettilineo;Una carreggiata a doppio senso;Asciutto;Asfaltata;Verticale ed orizzontale;Sereno;Normale;Buona;Ore Diurne;1;0;0;1;12.56943;41.92751;-1;1;Autovettura privata;In marcia / fermata / arresto;Conducente;M;Illeso;0;;Non accertato;Inesploso
2925665;5;07/08/2016 02:20;Strada Urbana;VIA RECANATI;in prossimità;;del civico n.;33;;Veicolo in marcia contro veicolo in sosta;Rettilineo;Una carreggiata a senso unico di marcia;Asciutto;Asfaltata;Verticale ed orizzontale;Sereno;Scarso;Buona;Sufficiente;2;0;0;0;12.58287;41.93734;-1;2;Autovettura di polizia;In marcia / fermata / arresto;Conducente;M;Rimandato;0;NON DECEDUTO;Esente;Inesploso
2925665;5;07/08/2016 02:20;Strada Urbana;VIA RECANATI;in prossimità;;del civico n.;33;;Veicolo in marcia contro veicolo in sosta;Rettilineo;Una carreggiata a senso unico di marcia;Asciutto;Asfaltata;Verticale ed orizzontale;Sereno;Scarso;Buona;Sufficiente;2;0;0;0;12.58287;41.93734;-1;2;Autovettura di polizia;In marcia / fermata / arresto;Passeggero;M;Rimandato;0;NON DECEDUTO;Esente;Inesploso
2925667;19;06/08/2016 17:30;Strada Urbana;VIA DI TORREVECCHIA;da specificare;;;;altezza Via dei Monfortani, pista ciclabile;Tamponamento;Rettilineo;Una carreggiata a doppio senso;Asciutto;Asfaltata;Verticale ed orizzontale;Sereno;Normale;Buona;Ore Diurne;1;0;0;2;12.4123;41.92339;-1;1;Autovettura privata;In marcia / fermata / arresto;Conducente;M;Illeso;0;;;
2925667;19;06/08/2016 17:30;Strada Urbana;VIA DI TORREVECCHIA;da specificare;;;;altezza Via dei Monfortani, pista ciclabile;Tamponamento;Rettilineo;Una carreggiata a doppio senso;Asciutto;Asfaltata;Verticale ed orizzontale;Sereno;Normale;Buona;Ore Diurne;1;0;0;2;12.4123;41.92339;-1;1;Autovettura privata;In marcia / fermata / arresto;Passeggero;M;Rimandato;0;NON DECEDUTO;;
2925667;19;06/08/2016 17:30;Strada Urbana;VIA DI TORREVECCHIA;da specificare;;;;altezza Via dei Monfortani, pista ciclabile;Tamponamento;Rettilineo;Una carreggiata a doppio senso;Asciutto;Asfaltata;Verticale ed orizzontale;Sereno;Normale;Buona;Ore Diurne;1;0;0;2;12.4123;41.92339;-1;2;Autovettura privata;In marcia / fermata / arresto;Conducente;M;Illeso;0;;;
2925668;6;07/08/2016 14:00;Strada Urbana;VIA DI TOR PIGNATTARA;all'intersezione con;VIA DEGLI ANGELI;VIA DEGLI ANGELI;;;Scontro frontale/laterale SX fra veicoli in marcia;Incrocio;Una carreggiata a doppio senso;Asciutto;Asfaltata;Verticale ed orizzontale;Sereno;Normale;Buona;Ore Diurne;2;0;0;1;12.54112;41.8743;-1;1;Autovettura privata;In marcia / fermata / arresto;Conducente;M;Rimandato;0;NON DECEDUTO;;
2925668;6;07/08/2016 14:00;Strada Urbana;VIA DI TOR PIGNATTARA;all'intersezione con;VIA DEGLI ANGELI;VIA DEGLI ANGELI;;;Scontro frontale/laterale SX fra veicoli in marcia;Incrocio;Una carreggiata a doppio senso;Asciutto;Asfaltata;Verticale ed orizzontale;Sereno;Normale;Buona;Ore Diurne;2;0;0;1;12.54112;41.8743;-1;1;Autovettura privata;In marcia / fermata / arresto;Passeggero;M;Illeso;0;;;
2925668;6;07/08/2016 14:00;Strada Urbana;VIA DI TOR PIGNATTARA;all'intersezione con;VIA DEGLI ANGELI;VIA DEGLI ANGELI;;;Scontro frontale/laterale SX fra veicoli in marcia;Incrocio;Una carreggiata a doppio senso;Asciutto;Asfaltata;Verticale ed orizzontale;Sereno;Normale;Buona;Ore Diurne;2;0;0;1;12.54112;41.8743;-1;2;Autovettura privata;In marcia / fermata / arresto;Conducente;M;Rimandato;0;NON DECEDUTO;;
2925669;20;07/08/2016 12:10;Strada Urbana;VIA DELLA FARNESINA;all'intersezione con;VIA DEI DUCHI DI CASTRO;VIA DEI DUCHI DI CASTRO;;;Scontro frontale/laterale SX fra veicoli in marcia;Incrocio;Una carreggiata a senso unico di marcia;Asciutto;Asfaltata;Verticale ed orizzontale;Sereno;Scarso;Buona;Ore Diurne;1;0;0;1;12.45992;41.94306;-1;1;Autovettura privata;In marcia / fermata / arresto;Conducente;F;Illeso;0;;Non accertato;Inesploso
2925669;20;07/08/2016 12:10;Strada Urbana;VIA DELLA FARNESINA;all'intersezione con;VIA DEI DUCHI DI CASTRO;VIA DEI DUCHI DI CASTRO;;;Scontro frontale/laterale SX fra veicoli in marcia;Incrocio;Una carreggiata a senso unico di marcia;Asciutto;Asfaltata;Verticale ed orizzontale;Sereno;Scarso;Buona;Ore Diurne;1;0;0;1;12.45992;41.94306;-1;2;Motociclo a solo;In marcia / fermata / arresto;Conducente;M;Rimandato;0;NON DECEDUTO;Non accertato;
2925670;9;06/08/2016 14:10;Strada Urbana;VIA GALLIA;in corrispondenza;;del civico n.;96;;Ribaltamento senza urto contro ostacolo fisso;Rettilineo;Una carreggiata a doppio senso;Asciutto;Asfaltata;Verticale ed orizzontale;Sereno;Intenso;Sufficiente;Ore Diurne;1;0;0;1;12.50348;41.881;-1;1;Autovettura privata;In marcia / fermata / arresto;Conducente;M;Illeso;0;;Non accertato;Inesploso
2925670;9;06/08/2016 14:10;Strada Urbana;VIA GALLIA;in corrispondenza;;del civico n.;96;;Ribaltamento senza urto contro ostacolo fisso;Rettilineo;Una carreggiata a doppio senso;Asciutto;Asfaltata;Verticale ed orizzontale;Sereno;Intenso;Sufficiente;Ore Diurne;1;0;0;1;12.50348;41.881;-1;2;Motociclo a solo;In marcia / fermata / arresto;Conducente;M;Rimandato;0;NON DECEDUTO;Non accertato;
2925673;5;07/08/2016 04:30;Strada Urbana;VIA TIBURTINA;in corrispondenza;;del civico n.;1097;;Veicolo in marcia contro ostacolo fisso;Rettilineo;Due carreggiate;Asciutto;Asfaltata;Temporanea di cantiere;Sereno;Scarso;Sufficiente;Sufficiente;1;0;0;0;12.58768;41.93283;-1;1;Autovettura privata;In marcia / fermata / arresto;Conducente;M;Rimandato;0;NON DECEDUTO;Non accertato;Esploso
2925674;3;08/08/2016 00:05;Comunale extraurbana;VIA DI SETTEBAGNI;da specificare;;;;in prossimità sottopasso Porta di Roma;Fuoriuscita dalla sede stradale;Galleria illuminata;Una carreggiata a senso unico di marcia;Asciutto;Asfaltata;Verticale;Sereno;Scarso;Buona;Sufficiente;0;0;0;1;12.53716;41.98175;-1;1;Autovettura privata;In marcia / fermata / arresto;Conducente;M;Illeso;0;;Non accertato;
2925675;2;05/08/2016 11:00;Strada Urbana;VIA GIAMBATTISTA VICO;in prossimità;;del civico n.;17;;Tamponamento Multiplo;Rettilineo;Una carreggiata a doppio senso;Asciutto;Asfaltata;Verticale ed orizzontale;Sereno;Normale;Buona;Ore Diurne;0;0;0;4;12.47445;41.91269;-1;1;Autovettura pubblica;In marcia / fermata / arresto;Conducente;M;Illeso;0;;Non accertato;Inesploso
2925675;2;05/08/2016 11:00;Strada Urbana;VIA GIAMBATTISTA VICO;in prossimità;;del civico n.;17;;Tamponamento Multiplo;Rettilineo;Una carreggiata a doppio senso;Asciutto;Asfaltata;Verticale ed orizzontale;Sereno;Normale;Buona;Ore Diurne;0;0;0;4;12.47445;41.91269;-1;2;Autovettura privata;In marcia / fermata / arresto;Conducente;M;Illeso;0;;Non accertato;Inesploso
2925675;2;05/08/2016 11:00;Strada Urbana;VIA GIAMBATTISTA VICO;in prossimità;;del civico n.;17;;Tamponamento Multiplo;Rettilineo;Una carreggiata a doppio senso;Asciutto;Asfaltata;Verticale ed orizzontale;Sereno;Normale;Buona;Ore Diurne;0;0;0;4;12.47445;41.91269;-1;3;Autovettura pubblica;In marcia / fermata / arresto;Conducente;M;Illeso;0;;;
2925675;2;05/08/2016 11:00;Strada Urbana;VIA GIAMBATTISTA VICO;in prossimità;;del civico n.;17;;Tamponamento Multiplo;Rettilineo;Una carreggiata a doppio senso;Asciutto;Asfaltata;Verticale ed orizzontale;Sereno;Normale;Buona;Ore Diurne;0;0;0;4;12.47445;41.91269;-1;3;Autovettura pubblica;In marcia / fermata / arresto;Passeggero;M;Illeso;0;;;
2925676;5;07/08/2016 10:15;Strada Urbana;VIA RAFFAELE COSTI;da specificare;;;;p.tà A24 direzione Roma centro;Veicolo in marcia contro ostacolo accidentale;Curva senza visuale libera;Una carreggiata a senso unico di marcia;Asciutto;Asfaltata;Verticale ed orizzontale;Sereno;Scarso;Buona;Ore Diurne;0;0;0;1;12.596;41.91259;-1;1;Motociclo a solo;In marcia / fermata / arresto;Conducente;M;Illeso;0;;Non accertato;
2925677;19;07/08/2016 23:00;Strada Urbana;VIA DEL QUARTACCIO;da specificare;;;;altezza palo luce n. 46;Scontro laterale fra veicoli in marcia;Curva senza visuale libera;Una carreggiata a doppio senso;Asciutto;Asfaltata;Orizzontale;Sereno;Scarso;Insufficiente;Insufficiente;1;0;0;2;12.39551;41.91903;-1;1;Autovettura privata;In marcia / fermata / arresto;Conducente;M;Illeso;0;;Non accertato;Inesploso
2925677;19;07/08/2016 23:00;Strada Urbana;VIA DEL QUARTACCIO;da specificare;;;;altezza palo luce n. 46;Scontro laterale fra veicoli in marcia;Curva senza visuale libera;Una carreggiata a doppio senso;Asciutto;Asfaltata;Orizzontale;Sereno;Scarso;Insufficiente;Insufficiente;1;0;0;2;12.39551;41.91903;-1;1;Autovettura privata;In marcia / fermata / arresto;Passeggero;F;Illeso;0;;Non accertato;Inesploso
2925677;19;07/08/2016 23:00;Strada Urbana;VIA DEL QUARTACCIO;da specificare;;;;altezza palo luce n. 46;Scontro laterale fra veicoli in marcia;Curva senza visuale libera;Una carreggiata a doppio senso;Asciutto;Asfaltata;Orizzontale;Sereno;Scarso;Insufficiente;Insufficiente;1;0;0;2;12.39551;41.91903;-1;2;Motociclo a solo;In marcia / fermata / arresto;Conducente;M;Rimandato;0;NON DECEDUTO;Non accertato;
2925678;5;07/08/2016 10:30;Strada Urbana;VIA POGGIO BRACCIOLINI;in prossimità;;del civico n.;33;;Scontro frontale/laterale SX fra veicoli in marcia;Rettilineo;Una carreggiata a doppio senso;Asciutto;Asfaltata;Assente;Sereno;Scarso;Buona;Ore Diurne;0;0;0;2;12.56961;41.94645;-1;1;Autovettura privata;In marcia / fermata / arresto;Conducente;M;Illeso;0;;Non accertato;Inesploso
2925678;5;07/08/2016 10:30;Strada Urbana;VIA POGGIO BRACCIOLINI;in prossimità;;del civico n.;33;;Scontro frontale/laterale SX fra veicoli in marcia;Rettilineo;Una carreggiata a doppio senso;Asciutto;Asfaltata;Assente;Sereno;Scarso;Buona;Ore Diurne;0;0;0;2;12.56961;41.94645;-1;2;Autovettura privata;In marcia / fermata / arresto;Conducente;F;Illeso;0;;Non accertato;Inesploso
2925679;1;06/08/2016 13:50;Strada Urbana;VIA PIEMONTE;in corrispondenza;;del civico n.;99;;Tamponamento;Rettilineo;Una carreggiata a senso unico di marcia;Asciutto;Asfaltata;Verticale ed orizzontale;Sereno;Scarso;Buona;Ore Diurne;0;0;0;2;12.49327;41.90934;-1;1;Autovettura privata;In marcia / fermata / arresto;Conducente;M;Illeso;0;;;
2925679;1;06/08/2016 13:50;Strada Urbana;VIA PIEMONTE;in corrispondenza;;del civico n.;99;;Tamponamento;Rettilineo;Una carreggiata a senso unico di marcia;Asciutto;Asfaltata;Verticale ed orizzontale;Sereno;Scarso;Buona;Ore Diurne;0;0;0;2;12.49327;41.90934;-1;2;Autovettura privata;In marcia / fermata / arresto;Conducente;M;Illeso;0;;;
2925682;1;06/08/2016 17:50;Strada Urbana;VIA CESARE BATTISTI;in corrispondenza;;del civico n.;120;;Infortunio per sola frenata improvvisa;Rettilineo;Una carreggiata a doppio senso;Asciutto;In cubetti di porfido;Verticale ed orizzontale;Sereno;Normale;Buona;Ore Diurne;1;0;0;1;12.48307;41.8964;-1;;;;Pedone;M;Illeso;0;;;
2925682;1;06/08/2016 17:50;Strada Urbana;VIA CESARE BATTISTI;in corrispondenza;;del civico n.;120;;Infortunio per sola frenata improvvisa;Rettilineo;Una carreggiata a doppio senso;Asciutto;In cubetti di porfido;Verticale ed orizzontale;Sereno;Normale;Buona;Ore Diurne;1;0;0;1;12.48307;41.8964;-1;1;Motociclo a solo;In marcia / fermata / arresto;Conducente;F;Rimandato;0;NON DECEDUTO;Utilizzato;
2925689;8;07/08/2016 14:00;Strada Urbana;VIA DI LUNGHEZZINA;da specificare;;;;1 km dopo autostrada A24 dir Polense;Veicolo in marcia contro ostacolo accidentale;Rettilineo;Una carreggiata a doppio senso;Asciutto;Asfaltata;Orizzontale;Sereno;Scarso;Buona;Ore Diurne;0;0;0;1;12.72002;41.91899;-1;1;Autovettura privata;In marcia / fermata / arresto;Conducente;M;Illeso;0;;Non accertato;Inesploso
2925696;9;06/08/2016 18:50;Strada Urbana;VIA TUSCOLANA;da specificare;;;;fronte VIALE FURIO CAMILLO;Scontro frontale/laterale SX fra veicoli in marcia;Rettilineo;Una carreggiata a doppio senso;Asciutto;Asfaltata;Verticale ed orizzontale;Sereno;Normale;Buona;Ore Diurne;0;0;0;2;12.52596;41.87671;-1;1;Autovettura privata;In marcia / fermata / arresto;Conducente;M;Illeso;0;;Non accertato;Inesploso
2925696;9;06/08/2016 18:50;Strada Urbana;VIA TUSCOLANA;da specificare;;;;fronte VIALE FURIO CAMILLO;Scontro frontale/laterale SX fra veicoli in marcia;Rettilineo;Una carreggiata a doppio senso;Asciutto;Asfaltata;Verticale ed orizzontale;Sereno;Normale;Buona;Ore Diurne;0;0;0;2;12.52596;41.87671;-1;2;Motociclo a solo;In marcia / fermata / arresto;Conducente;M;Illeso;0;;Non accertato;
2925697;8;07/08/2016 21:30;Strada Urbana;VIALE DI TORRE MAURA;in prossimità;;del palo luce n.;2;;Veicolo in marcia contro ostacolo accidentale;Rettilineo;Due carreggiate;Asciutto;Asfaltata;Verticale ed orizzontale;Sereno;Normale;Buona;Sufficiente;0;0;0;1;12.59217;41.86022;-1;1;Motociclo a solo;In marcia / fermata / arresto;Conducente;M;Illeso;0;;Non utilizzato;
2925700;8;08/08/2016 03:15;Statale entro l'abitato;VIA CASILINA;in prossimità;;del civico n.;1376;;Veicolo in marcia contro ostacolo fisso;Rettilineo;Una carreggiata a doppio senso;Asciutto;Asfaltata;Verticale ed orizzontale;Sereno;Scarso;Buona;Sufficiente;0;0;0;2;12.6447;41.86235;-1;1;Autovettura privata;In marcia / fermata / arresto;Conducente;F;Illeso;0;;Non accertato;Esploso
2925700;8;08/08/2016 03:15;Statale entro l'abitato;VIA CASILINA;in prossimità;;del civico n.;1376;;Veicolo in marcia contro ostacolo fisso;Rettilineo;Una carreggiata a doppio senso;Asciutto;Asfaltata;Verticale ed orizzontale;Sereno;Scarso;Buona;Sufficiente;0;0;0;2;12.6447;41.86235;-1;1;Autovettura privata;In marcia / fermata / arresto;Passeggero;F;Illeso;0;;Non accertato;Inesploso
2925710;10;08/08/2016 08:05;Strada Urbana;VIA DI TORRE MORENA;in prossimità;;del civico n.;66a;;Scontro frontale/laterale SX fra veicoli in marcia;Rettilineo;Una carreggiata a doppio senso;Asciutto;Asfaltata;Assente;Sereno;Scarso;Sufficiente;Ore Diurne;0;0;0;2;12.60938;41.81423;-1;1;Autovettura privata;In marcia / fermata / arresto;Conducente;F;Illeso;0;;Non accertato;Inesploso
2925710;10;08/08/2016 08:05;Strada Urbana;VIA DI TORRE MORENA;in prossimità;;del civico n.;66a;;Scontro frontale/laterale SX fra veicoli in marcia;Rettilineo;Una carreggiata a doppio senso;Asciutto;Asfaltata;Assente;Sereno;Scarso;Sufficiente;Ore Diurne;0;0;0;2;12.60938;41.81423;-1;2;Motociclo a solo;In marcia / fermata / arresto;Conducente;M;Illeso;0;;Non accertato;
2925712;6;07/08/2016 12:00;Strada Urbana;VIA ANTONIO TEMPESTA;in corrispondenza;;del civico n.;82;;Tamponamento;Rettilineo;Una carreggiata a senso unico di marcia;Asciutto;Asfaltata;Verticale ed orizzontale;Sereno;Scarso;Buona;Ore Diurne;0;0;0;2;12.54049;41.883;-1;1;Autovettura privata;In marcia / fermata / arresto;Conducente;M;Illeso;0;;Non accertato;Inesploso
2925712;6;07/08/2016 12:00;Strada Urbana;VIA ANTONIO TEMPESTA;in corrispondenza;;del civico n.;82;;Tamponamento;Rettilineo;Una carreggiata a senso unico di marcia;Asciutto;Asfaltata;Verticale ed orizzontale;Sereno;Scarso;Buona;Ore Diurne;0;0;0;2;12.54049;41.883;-1;2;Autovettura privata;In marcia / fermata / arresto;Conducente;M;Illeso;0;;Non accertato;Inesploso