Protocollo;Gruppo;DataOraIncidente;Localizzazione1;STRADA1;Localizzazione2;STRADA2;Strada02;Chilometrica;DaSpecificare;NaturaIncidente;particolaritastrade;TipoStrada;FondoStradale;Pavimentazione;Segnaletica;CondizioneAtmosferica;Traffico;Visibilita;Illuminazione;NUM_FERITI;NUM_RISERVATA;NUM_MORTI;NUM_ILLESI;Longitudine;Latitudine;Confermato;Progressivo;TipoVeicolo;StatoVeicolo;TipoPersona;Sesso;Tipolesione;Deceduto;DecedutoDopo;CinturaCascoUtilizzato;Airbag
2928179;23;09/08/2016 18:30;Strada Urbana;VIA CRISTOFORO COLOMBO;in prossimità;;della chilometrica;25.15;;Tamponamento;Rettilineo;Più di due carreggiate;Asciutto;Asfaltata;Verticale ed orizzontale;Sereno;Normale;Buona;Ore Diurne;2;0;0;2;12.33549;41.72844;-1;2;Autovettura privata;In marcia / fermata / arresto;Passeggero;F;Rimandato;0;NON DECEDUTO;Non accertato;Inesploso
2928404;5;10/08/2016 11:20;Strada Urbana;VIA DI TOR CERVARA;in prossimità;;del civico n.;236;;Scontro laterale fra veicoli in marcia;Curva a visuale libera;Una carreggiata a doppio senso;Asciutto;Asfaltata;Verticale ed orizzontale;Sereno;Scarso;Buona;Ore Diurne;0;0;0;3;12.58809;41.91292;-1;1;Autocarro inferiore 35 q.;In marcia / fermata / arresto;Conducente;M;Illeso;0;;Non accertato;Inesploso
2928404;5;10/08/2016 11:20;Strada Urbana;VIA DI TOR CERVARA;in prossimità;;del civico n.;236;;Scontro laterale fra veicoli in marcia;Curva a visuale libera;Una carreggiata a doppio senso;Asciutto;Asfaltata;Verticale ed orizzontale;Sereno;Scarso;Buona;Ore Diurne;0;0;0;3;12.58809;41.91292;-1;2;Autocarro inferiore 35 q.;In marcia / fermata / arresto;Conducente;M;Illeso;0;;Non accertato;Inesploso
2928404;5;10/08/2016 11:20;Strada Urbana;VIA DI TOR CERVARA;in prossimità;;del civico n.;236;;Scontro laterale fra veicoli in marcia;Curva a visuale libera;Una carreggiata a doppio senso;Asciutto;Asfaltata;Verticale ed orizzontale;Sereno;Scarso;Buona;Ore Diurne;0;0;0;3;12.58809;41.91292;-1;2;Autocarro inferiore 35 q.;In marcia / fermata / arresto;Passeggero;M;Illeso;0;;Non accertato;Inesploso
2928461;5;10/08/2016 18:32;Strada Urbana;VIA AFFILE;in corrispondenza;;del civico n.;120;;Scontro frontale/laterale DX fra veicoli in marcia;Rettilineo;Una carreggiata a doppio senso;Asciutto;Asfaltata;Assente;Sereno;Scarso;Buona;Ore Diurne;0;0;0;3;12.61597;41.93025;-1;1;Autocarro inferiore 35 q.;In marcia / fermata / arresto;Conducente;M;Illeso;0;;Non accertato;Inesploso
2928461;5;10/08/2016 18:32;Strada Urbana;VIA AFFILE;in corrispondenza;;del civico n.;120;;Scontro frontale/laterale DX fra veicoli in marcia;Rettilineo;Una carreggiata a doppio senso;Asciutto;Asfaltata;Assente;Sereno;Scarso;Buona;Ore Diurne;0;0;0;3;12.61597;41.93025;-1;2;Autovettura privata;In marcia / fermata / arresto;Conducente;M;Illeso;0;;Non accertato;Inesploso
2928461;5;10/08/2016 18:32;Strada Urbana;VIA AFFILE;in corrispondenza;;del civico n.;120;;Scontro frontale/laterale DX fra veicoli in marcia;Rettilineo;Una carreggiata a doppio senso;Asciutto;Asfaltata;Assente;Sereno;Scarso;Buona;Ore Diurne;0;0;0;3;12.61597;41.93025;-1;2;Autovettura privata;In marcia / fermata / arresto;Passeggero;F;Illeso;0;;Non accertato;Inesploso
2928462;7;10/08/2016 19:10;Strada Urbana;VIA CASILINA;all'intersezione con;VIALE PALMIRO TOGLIATTI;VIALE PALMIRO TOGLIATTI;;;Scontro laterale fra veicoli in marcia;Intersezione semaforizzata;Due carreggiate;Asciutto;Asfaltata;Verticale ed orizzontale;Sereno;Normale;Buona;Ore Diurne;0;0;0;4;12.60933;41.86405;-1;1;Autovettura privata;In marcia / fermata / arresto;Conducente;M;Illeso;0;;Non accertato;Inesploso
2928462;7;10/08/2016 19:10;Strada Urbana;VIA CASILINA;all'intersezione con;VIALE PALMIRO TOGLIATTI;VIALE PALMIRO TOGLIATTI;;;Scontro laterale fra veicoli in marcia;Intersezione semaforizzata;Due carreggiate;Asciutto;Asfaltata;Verticale ed orizzontale;Sereno;Normale;Buona;Ore Diurne;0;0;0;4;12.60933;41.86405;-1;1;Autovettura privata;In marcia / fermata / arresto;Passeggero;M;Illeso;0;;Non accertato;Inesploso
2928462;7;10/08/2016 19:10;Strada Urbana;VIA CASILINA;all'intersezione con;VIALE PALMIRO TOGLIATTI;VIALE PALMIRO TOGLIATTI;;;Scontro laterale fra veicoli in marcia;Intersezione semaforizzata;Due carreggiate;Asciutto;Asfaltata;Verticale ed orizzontale;Sereno;Normale;Buona;Ore Diurne;0;0;0;4;12.60933;41.86405;-1;2;Autovettura privata;In marcia / fermata / arresto;Conducente;M;Illeso;0;;Non accertato;Inesploso
2928462;7;10/08/2016 19:10;Strada Urbana;VIA CASILINA;all'intersezione con;VIALE PALMIRO TOGLIATTI;VIALE PALMIRO TOGLIATTI;;;Scontro laterale fra veicoli in marcia;Intersezione semaforizzata;Due carreggiate;Asciutto;Asfaltata;Verticale ed orizzontale;Sereno;Normale;Buona;Ore Diurne;0;0;0;4;12.60933;41.86405;-1;2;Autovettura privata;In marcia / fermata / arresto;Passeggero;F;Illeso;0;;Non accertato;Inesploso
2928475;6;10/08/2016 19:30;Strada Urbana;VIA GALEAZZO ALESSI;all'intersezione con;VIA GABRIO SERBELLONI;VIA GABRIO SERBELLONI;;;Scontro laterale fra veicoli in marcia;Intersezione stradale segnalata;Una carreggiata a senso unico di marcia;Asciutto;Asfaltata;Verticale ed orizzontale;Sereno;Normale;Buona;Ore Diurne;1;0;0;0;12.5411;41.8793;-1;2;Autovettura privata;In marcia / fermata / arresto;Conducente;F;Rimandato;0;NON DECEDUTO;Non accertato;
2928477;6;11/08/2016 03:15;Strada Urbana;PIAZZALE PRENESTINO;in prossimità;;del civico n.;19;;Veicolo in marcia contro veicoli in sosta;Rettilineo;Più di due carreggiate;Asciutto;Asfaltata;Verticale ed orizzontale;Sereno;Scarso;Buona;Sufficiente;1;0;0;0;12.52699;41.89105;-1;1;Autovettura privata;In marcia / fermata / arresto;Conducente;M;Rimandato;0;NON DECEDUTO;Non accertato;
2928480;11;10/08/2016 10:00;Strada Urbana;VIA IGNAZIO PERSICO;in corrispondenza;;del civico n.;84;;Veicolo in marcia contro veicolo arresto;Rettilineo;Una carreggiata a senso unico di marcia;Asciutto;Asfaltata;Orizzontale;Sereno;Scarso;Buona;Ore Diurne;0;0;0;2;12.48588;41.86593;-1;1;Autovettura privata;In marcia / fermata / arresto;Conducente;F;Illeso;0;;Non accertato;
2928480;11;10/08/2016 10:00;Strada Urbana;VIA IGNAZIO PERSICO;in corrispondenza;;del civico n.;84;;Veicolo in marcia contro veicolo arresto;Rettilineo;Una carreggiata a senso unico di marcia;Asciutto;Asfaltata;Orizzontale;Sereno;Scarso;Buona;Ore Diurne;0;0;0;2;12.48588;41.86593;-1;2;Autovettura privata;In marcia / fermata / arresto;Conducente;F;Illeso;0;;Non accertato;
2928496;11;10/08/2016 17:40;Strada Urbana;VIA ANDREA SOLARIO;all'intersezione con;VIALE ALDO BALLARIN;VIALE ALDO BALLARIN;;;Scontro frontale/laterale SX fra veicoli in marcia;Incrocio;Due carreggiate;Asciutto;Asfaltata;Verticale ed orizzontale;Sereno;Scarso;Buona;Ore Diurne;1;0;0;1;12.48871;41.83796;-1;1;Autovettura privata;In marcia / fermata / arresto;Conducente;M;Illeso;0;;Non accertato;
2928496;11;10/08/2016 17:40;Strada Urbana;VIA ANDREA SOLARIO;all'intersezione con;VIALE ALDO BALLARIN;VIALE ALDO BALLARIN;;;Scontro frontale/laterale SX fra veicoli in marcia;Incrocio;Due carreggiate;Asciutto;Asfaltata;Verticale ed orizzontale;Sereno;Scarso;Buona;Ore Diurne;1;0;0;1;12.48871;41.83796;-1;2;Autovettura privata;In marcia / fermata / arresto;Conducente;F;Rimandato;0;NON DECEDUTO;Non accertato;
2928498;20;10/08/2016 22:40;Strada Urbana;VIA CESANENSE;all'intersezione con;VIA DI MONTE PINETA;VIA DI MONTE PINETA;;;Scontro frontale/laterale SX fra veicoli in marcia;Incrocio;Una carreggiata a doppio senso;Asciutto;Asfaltata;Verticale ed orizzontale;Sereno;Scarso;Sufficiente;Sufficiente;0;0;0;4;12.36011;42.09183;-1;1;Autovettura privata;In marcia / fermata / arresto;Conducente;M;Illeso;0;;Non accertato;Inesploso
2928498;20;10/08/2016 22:40;Strada Urbana;VIA CESANENSE;all'intersezione con;VIA DI MONTE PINETA;VIA DI MONTE PINETA;;;Scontro frontale/laterale SX fra veicoli in marcia;Incrocio;Una carreggiata a doppio senso;Asciutto;Asfaltata;Verticale ed orizzontale;Sereno;Scarso;Sufficiente;Sufficiente;0;0;0;4;12.36011;42.09183;-1;2;Autovettura privata;In marcia / fermata / arresto;Conducente;M;Illeso;0;;Non accertato;Inesploso
2928498;20;10/08/2016 22:40;Strada Urbana;VIA CESANENSE;all'intersezione con;VIA DI MONTE PINETA;VIA DI MONTE PINETA;;;Scontro frontale/laterale SX fra veicoli in marcia;Incrocio;Una carreggiata a doppio senso;Asciutto;Asfaltata;Verticale ed orizzontale;Sereno;Scarso;Sufficiente;Sufficiente;0;0;0;4;12.36011;42.09183;-1;2;Autovettura privata;In marcia / fermata / arresto;Passeggero;F;Illeso;0;;Non accertato;Inesploso
2928498;20;10/08/2016 22:40;Strada Urbana;VIA CESANENSE;all'intersezione con;VIA DI MONTE PINETA;VIA DI MONTE PINETA;;;Scontro frontale/laterale SX fra veicoli in marcia;Incrocio;Una carreggiata a doppio senso;Asciutto;Asfaltata;Verticale ed orizzontale;Sereno;Scarso;Sufficiente;Sufficiente;0;0;0;4;12.36011;42.09183;-1;2;Autovettura privata;In marcia / fermata / arresto;Passeggero;M;Illeso;0;;Non accertato;Inesploso
2928505;13;10/08/2016 11:45;Strada Urbana;VIA DELLE EBRIDI;in corrispondenza;;del civico n.;40;;Scontro frontale/laterale SX fra veicoli in marcia;Rettilineo;Due carreggiate;Asciutto;Asfaltata;Assente;Sereno;Normale;Buona;Ore Diurne;0;0;0;2;12.26034;41.73886;-1;1;Autovettura privata;In marcia / fermata / arresto;Conducente;F;Illeso;0;;Non accertato;Inesploso
2928505;13;10/08/2016 11:45;Strada Urbana;VIA DELLE EBRIDI;in corrispondenza;;del civico n.;40;;Scontro frontale/laterale SX fra veicoli in marcia;Rettilineo;Due carreggiate;Asciutto;Asfaltata;Assente;Sereno;Normale;Buona;Ore Diurne;0;0;0;2;12.26034;41.73886;-1;2;Autovettura privata;In marcia / fermata / arresto;Conducente;M;Illeso;0;;Non accertato;Inesploso
2928508;8;10/08/2016 10:10;Regionale entro l'abitato;VIA CASILINA;all'intersezione con;VIA GIOVANNI CAMILLO PERESIO;VIA GIOVANNI CAMILLO PERESIO;;;Tamponamento;Incrocio;Una carreggiata a doppio senso;Asciutto;Asfaltata;Orizzontale;Sereno;Normale;Buona;Ore Diurne;2;0;0;0;12.58534;41.86901;-1;1;Autovettura privata;In marcia / fermata / arresto;Conducente;F;Rifiuta cure immediate;0;NON DECEDUTO;Non accertato;Esploso
2928508;8;10/08/2016 10:10;Regionale entro l'abitato;VIA CASILINA;all'intersezione con;VIA GIOVANNI CAMILLO PERESIO;VIA GIOVANNI CAMILLO PERESIO;;;Tamponamento;Incrocio;Una carreggiata a doppio senso;Asciutto;Asfaltata;Orizzontale;Sereno;Normale;Buona;Ore Diurne;2;0;0;0;12.58534;41.86901;-1;2;Autovettura privata;In marcia / fermata / arresto;Conducente;F;Rifiuta cure immediate;0;NON DECEDUTO;Non accertato;Inesploso
2928511;8;10/08/2016 19:45;Strada Urbana;VIALE DUILIO CAMBELLOTTI;da specificare;;;;pross. svincolo Via Torraccio di Torrenova;Veicolo in marcia contro ostacolo accidentale;Rettilineo;Due carreggiate;Asciutto;Asfaltata;Orizzontale;Sereno;Normale;Buona;Ore Diurne;0;0;0;1;12.62963;41.86736;-1;1;Autovettura privata;In marcia / fermata / arresto;Conducente;M;Illeso;0;;Non accertato;Inesploso
2928512;8;10/08/2016 18:30;Strada Urbana;VIA DON PRIMO MAZZOLARI;da specificare;;;;alt. Via marcello Candia;Tamponamento Multiplo;Curva a visuale libera;Una carreggiata a doppio senso;Asciutto;Asfaltata;Verticale ed orizzontale;Sereno;Scarso;Buona;Ore Diurne;0;0;0;3;12.67292;41.89613;-1;1;Autovettura privata;In marcia / fermata / arresto;Conducente;M;Illeso;0;;;
2928512;8;10/08/2016 18:30;Strada Urbana;VIA DON PRIMO MAZZOLARI;da specificare;;;;alt. Via marcello Candia;Tamponamento Multiplo;Curva a visuale libera;Una carreggiata a doppio senso;Asciutto;Asfaltata;Verticale ed orizzontale;Sereno;Scarso;Buona;Ore Diurne;0;0;0;3;12.67292;41.89613;-1;2;Autovettura privata;In marcia / fermata / arresto;Conducente;M;Illeso;0;;;
2928512;8;10/08/2016 18:30;Strada Urbana;VIA DON PRIMO MAZZOLARI;da specificare;;;;alt. Via marcello Candia;Tamponamento Multiplo;Curva a visuale libera;Una carreggiata a doppio senso;Asciutto;Asfaltata;Verticale ed orizzontale;Sereno;Scarso;Buona;Ore Diurne;0;0;0;3;12.67292;41.89613;-1;3;Autovettura privata;In marcia / fermata / arresto;Conducente;M;Illeso;0;;Non accertato;
2928515;11;10/08/2016 17:00;Strada Urbana;VIA CRISTOFORO COLOMBO;da specificare;;;;alt.piazza dei NAVIGATORI;Scontro laterale fra veicoli in marcia;Rettilineo;Una carreggiata a senso unico di marcia;Ghiacciato;Asfaltata;Verticale;Sereno;Normale;Buona;Ore Diurne;0;0;0;2;12.49846;41.86109;-1;1;Autovettura privata;In marcia / fermata / arresto;Conducente;F;Illeso;0;;Non accertato;
2928515;11;10/08/2016 17:00;Strada Urbana;VIA CRISTOFORO COLOMBO;da specificare;;;;alt.piazza dei NAVIGATORI;Scontro laterale fra veicoli in marcia;Rettilineo;Una carreggiata a senso unico di marcia;Ghiacciato;Asfaltata;Verticale;Sereno;Normale;Buona;Ore Diurne;0;0;0;2;12.49846;41.86109;-1;2;Autovettura privata;In marcia / fermata / arresto;Conducente;M;Illeso;0;;Non accertato;
2928517;8;10/08/2016 11:50;Strada Urbana;VIALE DEI ROMANISTI;in prossimità;;del palo luce n.;16;;Veicolo in marcia contro ostacolo accidentale;Curva senza visuale libera;Due carreggiate;Asciutto;Asfaltata;Verticale ed orizzontale;Sereno;Normale;Buona;Ore Diurne;0;0;0;1;;;0;1;Motociclo a solo;In marcia / fermata / arresto;Conducente;M;Illeso;0;;Non accertato;
2928542;13;10/08/2016 07:30;Strada Urbana;VIALE DEI ROMAGNOLI;da specificare;;;;prossimità via Giuseppe Fiorelli;Scontro frontale/laterale DX fra veicoli in marcia;Rettilineo;Una carreggiata a doppio senso;Asciutto;Asfaltata;Verticale;Sereno;Normale;Buona;Ore Diurne;1;0;0;1;12.31326;41.76527;-1;1;Autovettura privata;In marcia / fermata / arresto;Conducente;F;Rimandato;0;NON DECEDUTO;Non accertato;Inesploso
2928542;13;10/08/2016 07:30;Strada Urbana;VIALE DEI ROMAGNOLI;da specificare;;;;prossimità via Giuseppe Fiorelli;Scontro frontale/laterale DX fra veicoli in marcia;Rettilineo;Una carreggiata a doppio senso;Asciutto;Asfaltata;Verticale;Sereno;Normale;Buona;Ore Diurne;1;0;0;1;12.31326;41.76527;-1;2;Autocarro inferiore 35 q.;In marcia / fermata / arresto;Conducente;M;Illeso;0;;Non accertato;Inesploso
2928565;13;10/08/2016 09:35;Strada Urbana;VIALE DI CASTEL PORZIANO;in prossimità;;del civico n.;524;;Veicolo in marcia contro ostacolo fisso;Rettilineo;Una carreggiata a doppio senso;Asciutto;Asfaltata;Assente;Sereno;Normale;Buona;Ore Diurne;0;0;0;1;12.38335;41.74031;-1;1;Autovettura privata;In marcia / fermata / arresto;Conducente;F;Illeso;0;;Non accertato;
2928571;9;10/08/2016 16:45;Strada Urbana;VIA LATINA;all'intersezione con;VIA TALAMONE;VIA TALAMONE;;;Scontro frontale/laterale SX fra veicoli in marcia;Incrocio;Una carreggiata a doppio senso;Asciutto;Asfaltata;Verticale ed orizzontale;Sereno;Scarso;Buona;Ore Diurne;1;0;0;2;12.50487;41.87532;-1;1;Autovettura privata;In marcia / fermata / arresto;Conducente;M;Illeso;0;;Non accertato;Inesploso
2928571;9;10/08/2016 16:45;Strada Urbana;VIA LATINA;all'intersezione con;VIA TALAMONE;VIA TALAMONE;;;Scontro frontale/laterale SX fra veicoli in marcia;Incrocio;Una carreggiata a doppio senso;Asciutto;Asfaltata;Verticale ed orizzontale;Sereno;Scarso;Buona;Ore Diurne;1;0;0;2;12.50487;41.87532;-1;2;Autovettura privata;In marcia / fermata / arresto;Conducente;M;Illeso;0;;Non accertato;Inesploso
2928571;9;10/08/2016 16:45;Strada Urbana;VIA LATINA;all'intersezione con;VIA TALAMONE;VIA TALAMONE;;;Scontro frontale/laterale SX fra veicoli in marcia;Incrocio;Una carreggiata a doppio senso;Asciutto;Asfaltata;Verticale ed orizzontale;Sereno;Scarso;Buona;Ore Diurne;1;0;0;2;12.50487;41.87532;-1;2;Autovettura privata;In marcia / fermata / arresto;Passeggero;F;Rimandato;0;NON DECEDUTO;Non accertato;Inesploso
2928580;17;10/08/2016 21:30;Strada Urbana;VIA TRIONFALE;all'intersezione con;VIA TOMMASO CAMPANELLA;VIA TOMMASO CAMPANELLA;;;Scontro frontale/laterale SX fra veicoli in marcia;Incrocio;Una carreggiata a senso unico di marcia;Asciutto;Asfaltata;Verticale ed orizzontale;Sereno;Scarso;Buona;Sufficiente;1;0;0;1;12.42296;41.94088;-1;1;Autovettura pubblica;In marcia / fermata / arresto;Conducente;M;Illeso;0;;Non accertato;Esploso
2928580;17;10/08/2016 21:30;Strada Urbana;VIA TRIONFALE;all'intersezione con;VIA TOMMASO CAMPANELLA;VIA TOMMASO CAMPANELLA;;;Scontro frontale/laterale SX fra veicoli in marcia;Incrocio;Una carreggiata a senso unico di marcia;Asciutto;Asfaltata;Verticale ed orizzontale;Sereno;Scarso;Buona;Sufficiente;1;0;0;1;12.42296;41.94088;-1;2;Autovettura privata;In marcia / fermata / arresto;Conducente;M;Rimandato;0;NON DECEDUTO;Non accertato;Inesploso
2928583;13;10/08/2016 14:20;Strada Urbana;VIALE ENRICO ORTOLANI;all'intersezione con;VIA NAPOLEONE PARISANI;VIA NAPOLEONE PARISANI;;;Scontro frontale/laterale DX fra veicoli in marcia;Rotatoria;Una carreggiata a doppio senso;Asciutto;Asfaltata;Temporanea di cantiere;Sereno;Normale;Buona;Ore Diurne;0;0;0;3;12.33374;41.77177;-1;1;Autovettura privata;In marcia / fermata / arresto;Conducente;M;Illeso;0;;Non accertato;Inesploso
2928583;13;10/08/2016 14:20;Strada Urbana;VIALE ENRICO ORTOLANI;all'intersezione con;VIA NAPOLEONE PARISANI;VIA NAPOLEONE PARISANI;;;Scontro frontale/laterale DX fra veicoli in marcia;Rotatoria;Una carreggiata a doppio senso;Asciutto;Asfaltata;Temporanea di cantiere;Sereno;Normale;Buona;Ore Diurne;0;0;0;3;12.33374;41.77177;-1;1;Autovettura privata;In marcia / fermata / arresto;Passeggero;F;Illeso;0;;Non accertato;Inesploso
2928583;13;10/08/2016 14:20;Strada Urbana;VIALE ENRICO ORTOLANI;all'intersezione con;VIA NAPOLEONE PARISANI;VIA NAPOLEONE PARISANI;;;Scontro frontale/laterale DX fra veicoli in marcia;Rotatoria;Una carreggiata a doppio senso;Asciutto;Asfaltata;Temporanea di cantiere;Sereno;Normale;Buona;Ore Diurne;0;0;0;3;12.33374;41.77177;-1;2;Autovettura privata;In marcia / fermata / arresto;Conducente;M;Illeso;0;;Non accertato;Inesploso
2928591;3;10/08/2016 10:30;Strada Urbana;VIALE IPPOCRATE;in prossimità;;del civico n.;2;;Scontro frontale/laterale DX fra veicoli in marcia;Rettilineo;Una carreggiata a doppio senso;Asciutto;Asfaltata;Verticale ed orizzontale;Sereno;Normale;Buona;Ore Diurne;0;0;0;3;12.52095;41.90936;-1;1;Autovettura privata;In marcia / fermata / arresto;Conducente;F;Illeso;0;;Non accertato;Inesploso
2928591;3;10/08/2016 10:30;Strada Urbana;VIALE IPPOCRATE;in prossimità;;del civico n.;2;;Scontro frontale/laterale DX fra veicoli in marcia;Rettilineo;Una carreggiata a doppio senso;Asciutto;Asfaltata;Verticale ed orizzontale;Sereno;Normale;Buona;Ore Diurne;0;0;0;3;12.52095;41.90936;-1;1;Autovettura privata;In marcia / fermata / arresto;Passeggero;F;Illeso;0;;Non accertato;Inesploso
2928591;3;10/08/2016 10:30;Strada Urbana;VIALE IPPOCRATE;in prossimità;;del civico n.;2;;Scontro frontale/laterale DX fra veicoli in marcia;Rettilineo;Una carreggiata a doppio senso;Asciutto;Asfaltata;Verticale ed orizzontale;Sereno;Normale;Buona;Ore Diurne;0;0;0;3;12.52095;41.90936;-1;2;Autovettura privata;In marcia / fermata / arresto;Conducente;M;Illeso;0;;Non accertato;Inesploso
2928594;3;10/08/2016 12:00;Strada Urbana;VIA DEI SABELLI;in prossimità;;del civico n.;119;;Investimento di pedone;Rettilineo;Una carreggiata a senso unico di marcia;Asciutto;Asfaltata;Verticale ed orizzontale;Sereno;Normale;Sufficiente;Ore Diurne;1;0;0;1;12.5167;41.89771;-1;;;;Pedone;M;Rimandato;0;NON DECEDUTO;;
2928594;3;10/08/2016 12:00;Strada Urbana;VIA DEI SABELLI;in prossimità;;del civico n.;119;;Investimento di pedone;Rettilineo;Una carreggiata a senso unico di marcia;Asciutto;Asfaltata;Verticale ed orizzontale;Sereno;Normale;Sufficiente;Ore Diurne;1;0;0;1;12.5167;41.89771;-1;1;Autovettura privata;In marcia / fermata / arresto;Conducente;M;Illeso;0;;Non accertato;Inesploso
2928600;1;10/08/2016 14:40;Strada Urbana;VIA SALLUSTIANA;all'intersezione con;VIA PIEMONTE;VIA PIEMONTE;;;Scontro frontale/laterale DX fra veicoli in marcia;Incrocio;Una carreggiata a doppio senso;Asciutto;Asfaltata;Verticale ed orizzontale;Sereno;Scarso;Buona;Ore Diurne;0;0;0;3;12.49343;41.90691;-1;1;Autovettura privata;In marcia / fermata / arresto;Conducente;M;Illeso;0;;;
2928600;1;10/08/2016 14:40;Strada Urbana;VIA SALLUSTIANA;all'intersezione con;VIA PIEMONTE;VIA PIEMONTE;;;Scontro frontale/laterale DX fra veicoli in marcia;Incrocio;Una carreggiata a doppio senso;Asciutto;Asfaltata;Verticale ed orizzontale;Sereno;Scarso;Buona;Ore Diurne;0;0;0;3;12.49343;41.90691;-1;1;Autovettura privata;In marcia / fermata / arresto;Passeggero;F;Illeso;0;;;
2928600;1;10/08/2016 14:40;Strada Urbana;VIA SALLUSTIANA;all'intersezione con;VIA PIEMONTE;VIA PIEMONTE;;;Scontro frontale/laterale DX fra veicoli in marcia;Incrocio;Una carreggiata a doppio senso;Asciutto;Asfaltata;Verticale ed orizzontale;Sereno;Scarso;Buona;Ore Diurne;0;0;0;3;12.49343;41.90691;-1;2;Autovettura pubblica;In marcia / fermata / arresto;Conducente;M;Illeso;0;;;
2928623;13;10/08/2016 17:20;Strada Urbana;VIA DI SAPONARA;all'intersezione con;VIA DOMENICO MORELLI;VIA DOMENICO MORELLI;;;Scontro frontale/laterale SX fra veicoli in marcia;Incrocio;Una carreggiata a doppio senso;Asciutto;Asfaltata;Verticale;Sereno;Normale;Buona;Ore Diurne;0;0;0;2;12.35378;41.77724;-1;1;Autovettura privata;In marcia / fermata / arresto;Conducente;M;Illeso;0;;Non accertato;Inesploso
2928623;13;10/08/2016 17:20;Strada Urbana;VIA DI SAPONARA;all'intersezione con;VIA DOMENICO MORELLI;VIA DOMENICO MORELLI;;;Scontro frontale/laterale SX fra veicoli in marcia;Incrocio;Una carreggiata a doppio senso;Asciutto;Asfaltata;Verticale;Sereno;Normale;Buona;Ore Diurne;0;0;0;2;12.35378;41.77724;-1;2;Autovettura privata;In marcia / fermata / arresto;Conducente;M;Illeso;0;;Non accertato;Inesploso
2928631;4;10/08/2016 16:30;Strada Urbana;VIA VAL DI NON;all'intersezione con;VIA VAL MAGGIA;VIA VAL MAGGIA;;;Scontro frontale/laterale SX fra veicoli in marcia;Incrocio;Una carreggiata a senso unico di marcia;Asciutto;Asfaltata;Verticale ed orizzontale;Sereno;Scarso;Buona;Ore Diurne;0;0;0;2;12.5166;41.94379;-1;1;Autovettura privata;In marcia / fermata / arresto;Conducente;M;Illeso;0;;Non accertato;Inesploso
2928631;4;10/08/2016 16:30;Strada Urbana;VIA VAL DI NON;all'intersezione con;VIA VAL MAGGIA;VIA VAL MAGGIA;;;Scontro frontale/laterale SX fra veicoli in marcia;Incrocio;Una carreggiata a senso unico di marcia;Asciutto;Asfaltata;Verticale ed orizzontale;Sereno;Scarso;Buona;Ore Diurne;0;0;0;2;12.5166;41.94379;-1;2;Autovettura privata;In marcia / fermata / arresto;Conducente;M;Illeso;0;;Non accertato;Inesploso
2928664;1;10/08/2016 16:20;Strada Urbana;PIAZZA DELLA ROVERE;da specificare;;;;ALL'ALTEZZA VIA DI S. ONOFRIO;Tamponamento;Rettilineo;Due carreggiate;Asciutto;Asfaltata;Verticale ed orizzontale;Sereno;Normale;Buona;Ore Diurne;0;0;0;2;12.46261;41.8993;-1;1;Autocarro inferiore 35 q.;In marcia / fermata / arresto;Conducente;M;Illeso;0;;Non accertato;
2928664;1;10/08/2016 16:20;Strada Urbana;PIAZZA DELLA ROVERE;da specificare;;;;ALL'ALTEZZA VIA DI S. ONOFRIO;Tamponamento;Rettilineo;Due carreggiate;Asciutto;Asfaltata;Verticale ed orizzontale;Sereno;Normale;Buona;Ore Diurne;0;0;0;2;12.46261;41.8993;-1;2;Autovettura privata;In marcia / fermata / arresto;Conducente;F;Illeso;0;;Non accertato;Inesploso
2928667;18;10/08/2016 18:20;Strada Urbana;VIA DELLA PINETA SACCHETTI;in prossimità;;del civico n.;59;;Tamponamento;Rettilineo;Una carreggiata a doppio senso;Asciutto;Asfaltata;Verticale ed orizzontale;Sereno;Normale;Buona;Ore Diurne;0;0;0;2;12.42396;41.9112;-1;1;Autovettura privata;In marcia / fermata / arresto;Conducente;M;Illeso;0;;Non accertato;Inesploso
2928667;18;10/08/2016 18:20;Strada Urbana;VIA DELLA PINETA SACCHETTI;in prossimità;;del civico n.;59;;Tamponamento;Rettilineo;Una carreggiata a doppio senso;Asciutto;Asfaltata;Verticale ed orizzontale;Sereno;Normale;Buona;Ore Diurne;0;0;0;2;12.42396;41.9112;-1;2;Autovettura privata;In marcia / fermata / arresto;Conducente;M;Illeso;0;;Non accertato;Inesploso
2928670;18;11/08/2016 06:00;Strada Urbana;CIRCONVALLAZIONE CORNELIA;in corrispondenza;;del civico n.;1;;Scontro frontale/laterale SX fra veicoli in marcia;Rettilineo;Più di due carreggiate;Asciutto;Asfaltata;Verticale ed orizzontale;Sereno;Scarso;Buona;Ore Diurne;1;0;0;1;12.42713;41.89889;-1;1;Autovettura privata;In marcia / fermata / arresto;Conducente;F;Illeso;0;;Non accertato;Inesploso
2928670;18;11/08/2016 06:00;Strada Urbana;CIRCONVALLAZIONE CORNELIA;in corrispondenza;;del civico n.;1;;Scontro frontale/laterale SX fra veicoli in marcia;Rettilineo;Più di due carreggiate;Asciutto;Asfaltata;Verticale ed orizzontale;Sereno;Scarso;Buona;Ore Diurne;1;0;0;1;12.42713;41.89889;-1;2;Motociclo a solo;In marcia / fermata / arresto;Conducente;M;Ricoverato;0;NON DECEDUTO;Non accertato;