Protocollo;Gruppo;DataOraIncidente;Localizzazione1;STRADA1;Localizzazione2;STRADA2;Strada02;Chilometrica;DaSpecificare;NaturaIncidente;particolaritastrade;TipoStrada;FondoStradale;Pavimentazione;Segnaletica;CondizioneAtmosferica;Traffico;Visibilita;Illuminazione;NUM_FERITI;NUM_RISERVATA;NUM_MORTI;NUM_ILLESI;Longitudine;Latitudine;Confermato;Progressivo;TipoVeicolo;StatoVeicolo;TipoPersona;Sesso;Tipolesione;Deceduto;DecedutoDopo;CinturaCascoUtilizzato;Airbag
2932183;13;15/08/2016 18:30;Strada Urbana;VIALE VASCO DE GAMA;all'intersezione con;VIA DEI PANFILI;VIA DEI PANFILI;;;Scontro frontale/laterale DX fra veicoli in marcia;Incrocio;Una carreggiata a doppio senso;Asciutto;Asfaltata;Verticale ed orizzontale;Sereno;Normale;Buona;Ore Diurne;0;0;0;3;12.27589;41.73415;-1;2;Autovettura privata;In marcia / fermata / arresto;Passeggero;M;Illeso;0;;Non accertato;
2932185;12;16/08/2016 08:40;Strada Urbana;VIA DI DECIMA;all'intersezione con;VIA OSTIENSE;VIA OSTIENSE;;;Tamponamento;Incrocio;Una carreggiata a doppio senso;Asciutto;Asfaltata;Verticale ed orizzontale;Sereno;Normale;Buona;Ore Diurne;0;0;0;3;12.44133;41.82337;-1;1;Autocarro inferiore 35 q.;In marcia / fermata / arresto;Conducente;M;Illeso;0;;Utilizzato;Inesploso
2932185;12;16/08/2016 08:40;Strada Urbana;VIA DI DECIMA;all'intersezione con;VIA OSTIENSE;VIA OSTIENSE;;;Tamponamento;Incrocio;Una carreggiata a doppio senso;Asciutto;Asfaltata;Verticale ed orizzontale;Sereno;Normale;Buona;Ore Diurne;0;0;0;3;12.44133;41.82337;-1;1;Autocarro inferiore 35 q.;In marcia / fermata / arresto;Passeggero;M;Illeso;0;;Utilizzato;Inesploso
2932185;12;16/08/2016 08:40;Strada Urbana;VIA DI DECIMA;all'intersezione con;VIA OSTIENSE;VIA OSTIENSE;;;Tamponamento;Incrocio;Una carreggiata a doppio senso;Asciutto;Asfaltata;Verticale ed orizzontale;Sereno;Normale;Buona;Ore Diurne;0;0;0;3;12.44133;41.82337;-1;2;Autovettura privata;In marcia / fermata / arresto;Conducente;F;Illeso;0;;Utilizzato;Inesploso
2932195;17;15/08/2016 03:00;Strada Urbana;CIRCONVALLAZIONE CORNELIA;in corrispondenza;;del civico n.;66;;Veicolo in marcia contro veicolo fermo;Rettilineo;Più di due carreggiate;Asciutto;Asfaltata;Verticale ed orizzontale;Sereno;Scarso;Sufficiente;Sufficiente;1;0;0;2;12.42673;41.90043;-1;1;Autovettura privata;In marcia / fermata / arresto;Conducente;M;Illeso;0;;Non accertato;Inesploso
2932195;17;15/08/2016 03:00;Strada Urbana;CIRCONVALLAZIONE CORNELIA;in corrispondenza;;del civico n.;66;;Veicolo in marcia contro veicolo fermo;Rettilineo;Più di due carreggiate;Asciutto;Asfaltata;Verticale ed orizzontale;Sereno;Scarso;Sufficiente;Sufficiente;1;0;0;2;12.42673;41.90043;-1;2;Autovettura privata;In marcia / fermata / arresto;Conducente;M;Rimandato;0;NON DECEDUTO;Non accertato;Inesploso
2932195;17;15/08/2016 03:00;Strada Urbana;CIRCONVALLAZIONE CORNELIA;in corrispondenza;;del civico n.;66;;Veicolo in marcia contro veicolo fermo;Rettilineo;Più di due carreggiate;Asciutto;Asfaltata;Verticale ed orizzontale;Sereno;Scarso;Sufficiente;Sufficiente;1;0;0;2;12.42673;41.90043;-1;2;Autovettura privata;In marcia / fermata / arresto;Passeggero;F;Illeso;0;;Non accertato;Inesploso
2932197;13;15/08/2016 08:00;Strada Urbana;LUNGOMARE AMERIGO VESPUCCI;in prossimità;;del civico n.;6;;Scontro laterale fra veicoli in marcia;Rettilineo;Una carreggiata a doppio senso;Asciutto;Asfaltata;Orizzontale;Sereno;Normale;Buona;Ore Diurne;0;0;0;5;12.34286;41.70338;-1;1;Autovettura privata;In marcia / fermata / arresto;Conducente;M;Illeso;0;;Non accertato;Inesploso
2932197;13;15/08/2016 08:00;Strada Urbana;LUNGOMARE AMERIGO VESPUCCI;in prossimità;;del civico n.;6;;Scontro laterale fra veicoli in marcia;Rettilineo;Una carreggiata a doppio senso;Asciutto;Asfaltata;Orizzontale;Sereno;Normale;Buona;Ore Diurne;0;0;0;5;12.34286;41.70338;-1;1;Autovettura privata;In marcia / fermata / arresto;Passeggero;F;Illeso;0;;Non accertato;Inesploso
2932197;13;15/08/2016 08:00;Strada Urbana;LUNGOMARE AMERIGO VESPUCCI;in prossimità;;del civico n.;6;;Scontro laterale fra veicoli in marcia;Rettilineo;Una carreggiata a doppio senso;Asciutto;Asfaltata;Orizzontale;Sereno;Normale;Buona;Ore Diurne;0;0;0;5;12.34286;41.70338;-1;2;Autovettura privata;In marcia / fermata / arresto;Conducente;M;Illeso;0;;Non accertato;Inesploso
2932197;13;15/08/2016 08:00;Strada Urbana;LUNGOMARE AMERIGO VESPUCCI;in prossimità;;del civico n.;6;;Scontro laterale fra veicoli in marcia;Rettilineo;Una carreggiata a doppio senso;Asciutto;Asfaltata;Orizzontale;Sereno;Normale;Buona;Ore Diurne;0;0;0;5;12.34286;41.70338;-1;2;Autovettura privata;In marcia / fermata / arresto;Passeggero;M;Illeso;0;;Non accertato;Inesploso
2932197;13;15/08/2016 08:00;Strada Urbana;LUNGOMARE AMERIGO VESPUCCI;in prossimità;;del civico n.;6;;Scontro laterale fra veicoli in marcia;Rettilineo;Una carreggiata a doppio senso;Asciutto;Asfaltata;Orizzontale;Sereno;Normale;Buona;Ore Diurne;0;0;0;5;12.34286;41.70338;-1;2;Autovettura privata;In marcia / fermata / arresto;Passeggero;M;Illeso;0;;Non accertato;Inesploso
2932200;19;14/08/2016 11:45;Strada Urbana;VIA AUGUSTO TAMBURINI;all'intersezione con;VIA EZIO SCIAMANNA;VIA EZIO SCIAMANNA;;;Scontro frontale/laterale DX fra veicoli in marcia;Incrocio;Una carreggiata a senso unico di marcia;Asciutto;Asfaltata;Verticale ed orizzontale;Sereno;Scarso;Buona;Ore Diurne;1;0;0;1;12.42056;41.93621;-1;1;Autovettura privata;In marcia / fermata / arresto;Conducente;F;Illeso;0;;Non accertato;Inesploso
2932200;19;14/08/2016 11:45;Strada Urbana;VIA AUGUSTO TAMBURINI;all'intersezione con;VIA EZIO SCIAMANNA;VIA EZIO SCIAMANNA;;;Scontro frontale/laterale DX fra veicoli in marcia;Incrocio;Una carreggiata a senso unico di marcia;Asciutto;Asfaltata;Verticale ed orizzontale;Sereno;Scarso;Buona;Ore Diurne;1;0;0;1;12.42056;41.93621;-1;2;Autovettura privata;In marcia / fermata / arresto;Conducente;M;Rifiuta cure immediate;0;NON DECEDUTO;Non accertato;Inesploso
2932213;19;14/08/2016 23:00;Strada Urbana;VIA DELLA BALDUINA;in corrispondenza;;del civico n.;260;;Veicolo in marcia contro veicolo in sosta;Rettilineo;Una carreggiata a doppio senso;Asciutto;Asfaltata;Verticale ed orizzontale;Sereno;Scarso;Buona;Sufficiente;0;0;0;1;12.43917;41.92426;-1;1;Autovettura privata;In marcia / fermata / arresto;Conducente;F;Illeso;0;;Non accertato;Inesploso
2932215;18;13/08/2016 12:45;Strada Urbana;VIA ANASTASIO II;da specificare;;;;altezza fermata metro;Tamponamento;Rettilineo;Due carreggiate;Asciutto;Asfaltata;Verticale ed orizzontale;Sereno;Scarso;Buona;Ore Diurne;0;0;0;2;12.4426;41.89876;-1;1;Autovettura privata;In marcia / fermata / arresto;Conducente;M;Illeso;0;;Non accertato;Esploso
2932215;18;13/08/2016 12:45;Strada Urbana;VIA ANASTASIO II;da specificare;;;;altezza fermata metro;Tamponamento;Rettilineo;Due carreggiate;Asciutto;Asfaltata;Verticale ed orizzontale;Sereno;Scarso;Buona;Ore Diurne;0;0;0;2;12.4426;41.89876;-1;2;Autobus di linea;In marcia / fermata / arresto;Conducente;F;Illeso;0;;Esente;Inesistente
2932216;18;13/08/2016 10:30;Strada Urbana;VIA NAZARETH;in prossimità;;del civico n.;35;;Veicolo in marcia contro ostacolo fisso;Curva senza visuale libera;Una carreggiata a doppio senso;Asciutto;Asfaltata;Verticale ed orizzontale;Sereno;Normale;Buona;Ore Diurne;0;0;0;2;12.40644;41.90758;-1;1;Autovettura privata;In marcia / fermata / arresto;Conducente;M;Illeso;0;;Non accertato;Inesploso
2932216;18;13/08/2016 10:30;Strada Urbana;VIA NAZARETH;in prossimità;;del civico n.;35;;Veicolo in marcia contro ostacolo fisso;Curva senza visuale libera;Una carreggiata a doppio senso;Asciutto;Asfaltata;Verticale ed orizzontale;Sereno;Normale;Buona;Ore Diurne;0;0;0;2;12.40644;41.90758;-1;1;Autovettura privata;In marcia / fermata / arresto;Passeggero;F;Illeso;0;;Non accertato;Inesploso
2932217;4;15/08/2016 21:40;Strada Urbana;VIA FRANCO SACCHETTI;da specificare;;;;fronte civico n. 96/98;Veicolo in marcia contro ostacolo fisso;Rettilineo;Una carreggiata a doppio senso;Asciutto;Asfaltata;Assente;Sereno;Scarso;Buona;Sufficiente;0;0;0;1;12.54499;41.94851;-1;1;Autovettura privata;In marcia / fermata / arresto;Conducente;M;Illeso;0;;Non accertato;Inesploso
2932220;2;15/08/2016 00:05;Strada Urbana;VIA DEL FORO ITALICO;da specificare;;;;at. uscita prati fiscali;Infortunio per caduta del veicolo;Rettilineo;Una carreggiata a senso unico di marcia;Asciutto;Asfaltata;Verticale ed orizzontale;Sereno;Scarso;Insufficiente;Insufficiente;1;0;0;0;12.50899;41.93761;-1;1;Motociclo a solo;In marcia / fermata / arresto;Conducente;M;Rimandato;0;NON DECEDUTO;Non accertato;
2932221;18;13/08/2016 20:30;Statale;VIA AURELIA;in prossimità;;della chilometrica;17;;Veicolo in marcia contro ostacolo fisso;Rettilineo;Due carreggiate;Asciutto;Asfaltata;Verticale ed orizzontale;Sereno;Normale;Sufficiente;Inesistente;3;0;0;1;12.41307;41.89089;-1;1;Autovettura privata;In marcia / fermata / arresto;Conducente;M;Rimandato;0;NON DECEDUTO;Non accertato;Esploso
2932221;18;13/08/2016 20:30;Statale;VIA AURELIA;in prossimità;;della chilometrica;17;;Veicolo in marcia contro ostacolo fisso;Rettilineo;Due carreggiate;Asciutto;Asfaltata;Verticale ed orizzontale;Sereno;Normale;Sufficiente;Inesistente;3;0;0;1;12.41307;41.89089;-1;2;Autovettura privata;In marcia / fermata / arresto;Conducente;F;Rimandato;0;NON DECEDUTO;;
2932221;18;13/08/2016 20:30;Statale;VIA AURELIA;in prossimità;;della chilometrica;17;;Veicolo in marcia contro ostacolo fisso;Rettilineo;Due carreggiate;Asciutto;Asfaltata;Verticale ed orizzontale;Sereno;Normale;Sufficiente;Inesistente;3;0;0;1;12.41307;41.89089;-1;2;Autovettura privata;In marcia / fermata / arresto;Passeggero;M;Rimandato;0;NON DECEDUTO;;
2932221;18;13/08/2016 20:30;Statale;VIA AURELIA;in prossimità;;della chilometrica;17;;Veicolo in marcia contro ostacolo fisso;Rettilineo;Due carreggiate;Asciutto;Asfaltata;Verticale ed orizzontale;Sereno;Normale;Sufficiente;Inesistente;3;0;0;1;12.41307;41.89089;-1;3;Autovettura privata;In marcia / fermata / arresto;Conducente;M;Illeso;0;;;
2932224;19;15/08/2016 12:15;Strada Urbana;VIA DELLA BALDUINA;in corrispondenza;;del civico n.;236;;Scontro laterale fra veicoli in marcia;Rettilineo;Una carreggiata a doppio senso;Asciutto;Asfaltata;Orizzontale;Sereno;Scarso;Buona;Ore Diurne;0;0;0;3;12.43903;41.92325;-1;1;Autovettura privata;In marcia / fermata / arresto;Conducente;F;Illeso;0;;Non accertato;Inesploso
2932224;19;15/08/2016 12:15;Strada Urbana;VIA DELLA BALDUINA;in corrispondenza;;del civico n.;236;;Scontro laterale fra veicoli in marcia;Rettilineo;Una carreggiata a doppio senso;Asciutto;Asfaltata;Orizzontale;Sereno;Scarso;Buona;Ore Diurne;0;0;0;3;12.43903;41.92325;-1;1;Autovettura privata;In marcia / fermata / arresto;Passeggero;F;Illeso;0;;Non accertato;Inesploso
2932224;19;15/08/2016 12:15;Strada Urbana;VIA DELLA BALDUINA;in corrispondenza;;del civico n.;236;;Scontro laterale fra veicoli in marcia;Rettilineo;Una carreggiata a doppio senso;Asciutto;Asfaltata;Orizzontale;Sereno;Scarso;Buona;Ore Diurne;0;0;0;3;12.43903;41.92325;-1;2;Autovettura privata;In marcia / fermata / arresto;Conducente;M;Illeso;0;;Non accertato;Inesploso
2932225;18;13/08/2016 18:00;Strada Urbana;VIA DI BOCCEA;in prossimità;;del civico n.;561;;Tamponamento;Rettilineo;Due carreggiate;Asciutto;Asfaltata;Verticale ed orizzontale;Sereno;Scarso;Buona;Ore Diurne;2;0;0;2;12.38101;41.91546;-1;1;Motociclo con passeggero;In marcia / fermata / arresto;Conducente;M;Rimandato;0;NON DECEDUTO;;
2932225;18;13/08/2016 18:00;Strada Urbana;VIA DI BOCCEA;in prossimità;;del civico n.;561;;Tamponamento;Rettilineo;Due carreggiate;Asciutto;Asfaltata;Verticale ed orizzontale;Sereno;Scarso;Buona;Ore Diurne;2;0;0;2;12.38101;41.91546;-1;1;Motociclo con passeggero;In marcia / fermata / arresto;Passeggero;F;Rimandato;0;NON DECEDUTO;Non accertato;
2932225;18;13/08/2016 18:00;Strada Urbana;VIA DI BOCCEA;in prossimità;;del civico n.;561;;Tamponamento;Rettilineo;Due carreggiate;Asciutto;Asfaltata;Verticale ed orizzontale;Sereno;Scarso;Buona;Ore Diurne;2;0;0;2;12.38101;41.91546;-1;2;Autovettura privata;In marcia / fermata / arresto;Conducente;F;Illeso;0;;;
2932225;18;13/08/2016 18:00;Strada Urbana;VIA DI BOCCEA;in prossimità;;del civico n.;561;;Tamponamento;Rettilineo;Due carreggiate;Asciutto;Asfaltata;Verticale ed orizzontale;Sereno;Scarso;Buona;Ore Diurne;2;0;0;2;12.38101;41.91546;-1;2;Autovettura privata;In marcia / fermata / arresto;Passeggero;F;Illeso;0;;;
2932233;19;15/08/2016 17:00;Strada Urbana;VIA TRIONFALE;in prossimità;;del civico n.;12020;;Tamponamento Multiplo;Rettilineo;Una carreggiata a senso unico di marcia;Asciutto;Asfaltata;Orizzontale;Sereno;Scarso;Buona;Ore Diurne;0;0;0;6;12.40925;41.96609;-1;1;Autovettura privata;In marcia / fermata / arresto;Conducente;M;Illeso;0;;Non accertato;Inesploso
2932233;19;15/08/2016 17:00;Strada Urbana;VIA TRIONFALE;in prossimità;;del civico n.;12020;;Tamponamento Multiplo;Rettilineo;Una carreggiata a senso unico di marcia;Asciutto;Asfaltata;Orizzontale;Sereno;Scarso;Buona;Ore Diurne;0;0;0;6;12.40925;41.96609;-1;2;Autovettura privata;In marcia / fermata / arresto;Conducente;M;Illeso;0;;Non accertato;Inesploso
2932233;19;15/08/2016 17:00;Strada Urbana;VIA TRIONFALE;in prossimità;;del civico n.;12020;;Tamponamento Multiplo;Rettilineo;Una carreggiata a senso unico di marcia;Asciutto;Asfaltata;Orizzontale;Sereno;Scarso;Buona;Ore Diurne;0;0;0;6;12.40925;41.96609;-1;2;Autovettura privata;In marcia / fermata / arresto;Passeggero;M;Illeso;0;;Non accertato;Inesploso
2932233;19;15/08/2016 17:00;Strada Urbana;VIA TRIONFALE;in prossimità;;del civico n.;12020;;Tamponamento Multiplo;Rettilineo;Una carreggiata a senso unico di marcia;Asciutto;Asfaltata;Orizzontale;Sereno;Scarso;Buona;Ore Diurne;0;0;0;6;12.40925;41.96609;-1;2;Autovettura privata;In marcia / fermata / arresto;Passeggero;F;Illeso;0;;Non accertato;Inesploso
2932233;19;15/08/2016 17:00;Strada Urbana;VIA TRIONFALE;in prossimità;;del civico n.;12020;;Tamponamento Multiplo;Rettilineo;Una carreggiata a senso unico di marcia;Asciutto;Asfaltata;Orizzontale;Sereno;Scarso;Buona;Ore Diurne;0;0;0;6;12.40925;41.96609;-1;2;Autovettura privata;In marcia / fermata / arresto;Passeggero;F;Illeso;0;;Non accertato;Inesploso
2932233;19;15/08/2016 17:00;Strada Urbana;VIA TRIONFALE;in prossimità;;del civico n.;12020;;Tamponamento Multiplo;Rettilineo;Una carreggiata a senso unico di marcia;Asciutto;Asfaltata;Orizzontale;Sereno;Scarso;Buona;Ore Diurne;0;0;0;6;12.40925;41.96609;-1;3;Autovettura privata;In marcia / fermata / arresto;Conducente;F;Illeso;0;;Non accertato;Inesploso
2932244;2;12/08/2016 12:30;Strada Urbana;VIA DEL FORO ITALICO;da specificare;;;;alt. palo Acea, 301;Ribaltamento senza urto contro ostacolo fisso;Rettilineo;Due carreggiate;Asciutto;Asfaltata;Verticale ed orizzontale;Sereno;Normale;Buona;Ore Diurne;1;0;0;0;12.50272;41.93959;-1;1;Motociclo a solo;In marcia / fermata / arresto;Conducente;M;Rimandato;0;NON DECEDUTO;;
2932248;18;14/08/2016 09:50;Strada Urbana;LARGO DI PORTA CAVALLEGGERI;all'intersezione con;VIA DI PORTA CAVALLEGGERI;VIA DI PORTA CAVALLEGGERI;;;Tamponamento;Intersezione semaforizzata;Due carreggiate;Asciutto;Asfaltata;Verticale ed orizzontale;Sereno;Normale;Buona;Ore Diurne;1;0;0;1;12.45657;41.90019;-1;1;Autovettura privata;In marcia / fermata / arresto;Conducente;M;Illeso;0;;Non accertato;Inesploso
2932248;18;14/08/2016 09:50;Strada Urbana;LARGO DI PORTA CAVALLEGGERI;all'intersezione con;VIA DI PORTA CAVALLEGGERI;VIA DI PORTA CAVALLEGGERI;;;Tamponamento;Intersezione semaforizzata;Due carreggiate;Asciutto;Asfaltata;Verticale ed orizzontale;Sereno;Normale;Buona;Ore Diurne;1;0;0;1;12.45657;41.90019;-1;2;Autovettura privata;In marcia / fermata / arresto;Conducente;F;Rifiuta cure immediate;0;NON DECEDUTO;Non accertato;Inesploso
2932256;13;15/08/2016 19:30;Strada Urbana;PIAZZALE MAGELLANO;da specificare;;;;"ALTEZZA ""CAPANNO""";Scontro laterale fra veicoli in marcia;Rettilineo;Due carreggiate;Asciutto;Asfaltata;Verticale ed orizzontale;Sereno;Normale;Buona;Ore Diurne;0;0;0;6;12.28899;41.72573;-1;1;Autovettura privata;In marcia / fermata / arresto;Conducente;M;Illeso;0;;Non accertato;
2932256;13;15/08/2016 19:30;Strada Urbana;PIAZZALE MAGELLANO;da specificare;;;;"ALTEZZA ""CAPANNO""";Scontro laterale fra veicoli in marcia;Rettilineo;Due carreggiate;Asciutto;Asfaltata;Verticale ed orizzontale;Sereno;Normale;Buona;Ore Diurne;0;0;0;6;12.28899;41.72573;-1;1;Autovettura privata;In marcia / fermata / arresto;Passeggero;F;Illeso;0;;Non accertato;
2932256;13;15/08/2016 19:30;Strada Urbana;PIAZZALE MAGELLANO;da specificare;;;;"ALTEZZA ""CAPANNO""";Scontro laterale fra veicoli in marcia;Rettilineo;Due carreggiate;Asciutto;Asfaltata;Verticale ed orizzontale;Sereno;Normale;Buona;Ore Diurne;0;0;0;6;12.28899;41.72573;-1;1;Autovettura privata;In marcia / fermata / arresto;Passeggero;F;Illeso;0;;Non accertato;
2932256;13;15/08/2016 19:30;Strada Urbana;PIAZZALE MAGELLANO;da specificare;;;;"ALTEZZA ""CAPANNO""";Scontro laterale fra veicoli in marcia;Rettilineo;Due carreggiate;Asciutto;Asfaltata;Verticale ed orizzontale;Sereno;Normale;Buona;Ore Diurne;0;0;0;6;12.28899;41.72573;-1;2;Autovettura privata;In marcia / fermata / arresto;Conducente;M;Illeso;0;;Non accertato;
2932256;13;15/08/2016 19:30;Strada Urbana;PIAZZALE MAGELLANO;da specificare;;;;"ALTEZZA ""CAPANNO""";Scontro laterale fra veicoli in marcia;Rettilineo;Due carreggiate;Asciutto;Asfaltata;Verticale ed orizzontale;Sereno;Normale;Buona;Ore Diurne;0;0;0;6;12.28899;41.72573;-1;2;Autovettura privata;In marcia / fermata / arresto;Passeggero;M;Illeso;0;;Non accertato;
2932256;13;15/08/2016 19:30;Strada Urbana;PIAZZALE MAGELLANO;da specificare;;;;"ALTEZZA ""CAPANNO""";Scontro laterale fra veicoli in marcia;Rettilineo;Due carreggiate;Asciutto;Asfaltata;Verticale ed orizzontale;Sereno;Normale;Buona;Ore Diurne;0;0;0;6;12.28899;41.72573;-1;2;Autovettura privata;In marcia / fermata / arresto;Passeggero;F;Illeso;0;;Non accertato;
2932262;13;15/08/2016 18:25;Strada Urbana;VIA SORESINA;all'intersezione con;VIA BOVEGNO;VIA BOVEGNO;;;Scontro frontale/laterale SX fra veicoli in marcia;Incrocio;Una carreggiata a doppio senso;Asciutto;Asfaltata;Assente;Sereno;Scarso;Sufficiente;Ore Diurne;0;0;0;2;12.3261;41.78749;-1;1;Autovettura privata;In marcia / fermata / arresto;Conducente;M;Illeso;0;;Non accertato;Inesploso
2932262;13;15/08/2016 18:25;Strada Urbana;VIA SORESINA;all'intersezione con;VIA BOVEGNO;VIA BOVEGNO;;;Scontro frontale/laterale SX fra veicoli in marcia;Incrocio;Una carreggiata a doppio senso;Asciutto;Asfaltata;Assente;Sereno;Scarso;Sufficiente;Ore Diurne;0;0;0;2;12.3261;41.78749;-1;2;Autovettura privata;In marcia / fermata / arresto;Conducente;M;Illeso;0;;Non accertato;Inesploso
2932263;16;12/08/2016 10:00;Strada Urbana;VIA DI BRAVETTA;in corrispondenza;;del civico n.;266;;Investimento di pedone;Rettilineo;Una carreggiata a doppio senso;Asciutto;Asfaltata;Verticale ed orizzontale;Sereno;Normale;Buona;Ore Diurne;1;0;0;1;12.42611;41.88056;-1;;;;Pedone;M;Rimandato;0;NON DECEDUTO;;
2932263;16;12/08/2016 10:00;Strada Urbana;VIA DI BRAVETTA;in corrispondenza;;del civico n.;266;;Investimento di pedone;Rettilineo;Una carreggiata a doppio senso;Asciutto;Asfaltata;Verticale ed orizzontale;Sereno;Normale;Buona;Ore Diurne;1;0;0;1;12.42611;41.88056;-1;1;Autovettura privata;In marcia / fermata / arresto;Conducente;M;Illeso;0;;Non accertato;Inesploso
2932275;7;15/08/2016 17:20;Strada Urbana;VIALE PALMIRO TOGLIATTI;all'intersezione semaforizzata con;PIAZZALE PINO PASCALI;PIAZZALE PINO PASCALI;;;Scontro frontale/laterale DX fra veicoli in marcia;Intersezione stradale segnalata;Una carreggiata a senso unico di marcia;Asciutto;Asfaltata;Verticale ed orizzontale;Sereno;Scarso;Buona;Ore Diurne;0;0;0;2;12.5759;41.8974;-1;1;Autovettura privata;In marcia / fermata / arresto;Conducente;M;Illeso;0;;Non accertato;Esploso
2932275;7;15/08/2016 17:20;Strada Urbana;VIALE PALMIRO TOGLIATTI;all'intersezione semaforizzata con;PIAZZALE PINO PASCALI;PIAZZALE PINO PASCALI;;;Scontro frontale/laterale DX fra veicoli in marcia;Intersezione stradale segnalata;Una carreggiata a senso unico di marcia;Asciutto;Asfaltata;Verticale ed orizzontale;Sereno;Scarso;Buona;Ore Diurne;0;0;0;2;12.5759;41.8974;-1;2;Autovettura privata;In marcia / fermata / arresto;Conducente;M;Illeso;0;;Non accertato;
2932278;17;15/08/2016 16:20;Strada Urbana;VIA GIOVANNI VITELLESCHI;all'intersezione con;VIA DEI BASTIONI;VIA DEI BASTIONI;;;Scontro frontale/laterale DX fra veicoli in marcia;Incrocio;Una carreggiata a senso unico di marcia;Asciutto;Asfaltata;Verticale ed orizzontale;Sereno;Scarso;Buona;Ore Diurne;0;0;0;5;12.46203;41.90458;-1;1;Autovettura di polizia;In marcia / fermata / arresto;Conducente;F;Illeso;0;;Non accertato;Inesploso
2932278;17;15/08/2016 16:20;Strada Urbana;VIA GIOVANNI VITELLESCHI;all'intersezione con;VIA DEI BASTIONI;VIA DEI BASTIONI;;;Scontro frontale/laterale DX fra veicoli in marcia;Incrocio;Una carreggiata a senso unico di marcia;Asciutto;Asfaltata;Verticale ed orizzontale;Sereno;Scarso;Buona;Ore Diurne;0;0;0;5;12.46203;41.90458;-1;1;Autovettura di polizia;In marcia / fermata / arresto;Passeggero;M;Illeso;0;;Non accertato;Inesploso
2932278;17;15/08/2016 16:20;Strada Urbana;VIA GIOVANNI VITELLESCHI;all'intersezione con;VIA DEI BASTIONI;VIA DEI BASTIONI;;;Scontro frontale/laterale DX fra veicoli in marcia;Incrocio;Una carreggiata a senso unico di marcia;Asciutto;Asfaltata;Verticale ed orizzontale;Sereno;Scarso;Buona;Ore Diurne;0;0;0;5;12.46203;41.90458;-1;1;Autovettura di polizia;In marcia / fermata / arresto;Passeggero;M;Illeso;0;;Non accertato;Inesploso
2932278;17;15/08/2016 16:20;Strada Urbana;VIA GIOVANNI VITELLESCHI;all'intersezione con;VIA DEI BASTIONI;VIA DEI BASTIONI;;;Scontro frontale/laterale DX fra veicoli in marcia;Incrocio;Una carreggiata a senso unico di marcia;Asciutto;Asfaltata;Verticale ed orizzontale;Sereno;Scarso;Buona;Ore Diurne;0;0;0;5;12.46203;41.90458;-1;1;Autovettura di polizia;In marcia / fermata / arresto;Passeggero;M;Illeso;0;;Non accertato;Inesploso
2932278;17;15/08/2016 16:20;Strada Urbana;VIA GIOVANNI VITELLESCHI;all'intersezione con;VIA DEI BASTIONI;VIA DEI BASTIONI;;;Scontro frontale/laterale DX fra veicoli in marcia;Incrocio;Una carreggiata a senso unico di marcia;Asciutto;Asfaltata;Verticale ed orizzontale;Sereno;Scarso;Buona;Ore Diurne;0;0;0;5;12.46203;41.90458;-1;2;Autovettura privata;In marcia / fermata / arresto;Conducente;M;Illeso;0;;Non accertato;Inesploso
2932279;18;15/08/2016 22:30;Strada Urbana;VIA NAZARETH;in prossimità;;del civico n.;371;;Veicolo in marcia contro ostacolo accidentale;Rettilineo;Una carreggiata a doppio senso;Asciutto;Con buche;Orizzontale;Sereno;Scarso;Insufficiente;Insufficiente;0;0;0;3;12.39644;41.89856;-1;1;Autovettura privata;In marcia / fermata / arresto;Conducente;M;Illeso;0;;Non accertato;Inesploso
2932279;18;15/08/2016 22:30;Strada Urbana;VIA NAZARETH;in prossimità;;del civico n.;371;;Veicolo in marcia contro ostacolo accidentale;Rettilineo;Una carreggiata a doppio senso;Asciutto;Con buche;Orizzontale;Sereno;Scarso;Insufficiente;Insufficiente;0;0;0;3;12.39644;41.89856;-1;1;Autovettura privata;In marcia / fermata / arresto;Passeggero;F;Illeso;0;;Non accertato;Inesploso
2932279;18;15/08/2016 22:30;Strada Urbana;VIA NAZARETH;in prossimità;;del civico n.;371;;Veicolo in marcia contro ostacolo accidentale;Rettilineo;Una carreggiata a doppio senso;Asciutto;Con buche;Orizzontale;Sereno;Scarso;Insufficiente;Insufficiente;0;0;0;3;12.39644;41.89856;-1;1;Autovettura privata;In marcia / fermata / arresto;Passeggero;F;Illeso;0;;Non accertato;Inesploso
2932281;18;16/08/2016 09:45;Strada Urbana;VIA DON CARLO GNOCCHI;da specificare;;;;prossimità fronte civico 3;Scontro laterale fra veicoli in marcia;Rettilineo;Una carreggiata a doppio senso;Asciutto;Asfaltata;Assente;Sereno;Scarso;Buona;Ore Diurne;1;0;0;1;12.39384;41.91099;-1;1;Motociclo a solo;In marcia / fermata / arresto;Conducente;M;Ricoverato;0;NON DECEDUTO;Non accertato;
2932281;18;16/08/2016 09:45;Strada Urbana;VIA DON CARLO GNOCCHI;da specificare;;;;prossimità fronte civico 3;Scontro laterale fra veicoli in marcia;Rettilineo;Una carreggiata a doppio senso;Asciutto;Asfaltata;Assente;Sereno;Scarso;Buona;Ore Diurne;1;0;0;1;12.39384;41.91099;-1;2;Autovettura privata;In marcia / fermata / arresto;Conducente;M;Illeso;0;;Non accertato;Inesploso