Protocollo;Gruppo;DataOraIncidente;Localizzazione1;STRADA1;Localizzazione2;STRADA2;Strada02;Chilometrica;DaSpecificare;NaturaIncidente;particolaritastrade;TipoStrada;FondoStradale;Pavimentazione;Segnaletica;CondizioneAtmosferica;Traffico;Visibilita;Illuminazione;NUM_FERITI;NUM_RISERVATA;NUM_MORTI;NUM_ILLESI;Longitudine;Latitudine;Confermato;Progressivo;TipoVeicolo;StatoVeicolo;TipoPersona;Sesso;Tipolesione;Deceduto;DecedutoDopo;CinturaCascoUtilizzato;Airbag
2932597;13;15/08/2016 11:00;Strada Urbana;VIALE DEI PROMONTORI;in corrispondenza;;del civico n.;440;;Veicolo in marcia contro veicoli in sosta;Rettilineo;Due carreggiate;Asciutto;Asfaltata;Verticale ed orizzontale;Sereno;Scarso;Buona;Ore Diurne;0;0;0;1;12.30151;41.73394;-1;1;Autovettura privata;In marcia / fermata / arresto;Conducente;M;Illeso;0;;Non accertato;Inesploso
2932802;11;16/08/2016 08:55;Strada Urbana;VIA DELLE SETTE CHIESE;all'intersezione con;VIA ARDEATINA;VIA ARDEATINA;;;Infortunio per sola frenata improvvisa;Incrocio;Una carreggiata a doppio senso;Asciutto;Asfaltata;Verticale ed orizzontale;Sereno;Scarso;Buona;Ore Diurne;1;0;0;1;12.50889;41.85826;-1;1;Motociclo a solo;In marcia / fermata / arresto;Conducente;M;Rifiuta cure immediate;0;NON DECEDUTO;;
2932802;11;16/08/2016 08:55;Strada Urbana;VIA DELLE SETTE CHIESE;all'intersezione con;VIA ARDEATINA;VIA ARDEATINA;;;Infortunio per sola frenata improvvisa;Incrocio;Una carreggiata a doppio senso;Asciutto;Asfaltata;Verticale ed orizzontale;Sereno;Scarso;Buona;Ore Diurne;1;0;0;1;12.50889;41.85826;-1;2;Autovettura privata;In marcia / fermata / arresto;Conducente;M;Illeso;0;;;
2932811;15;16/08/2016 17:55;Strada Urbana;VIA SARZANA;all'intersezione con;VIALE VENTIMIGLIA;VIALE VENTIMIGLIA;;;Scontro laterale fra veicoli in marcia;Incrocio;Una carreggiata a doppio senso;Asciutto;Asfaltata;Verticale;Sereno;Normale;Buona;Ore Diurne;1;0;0;3;12.43819;41.84179;-1;1;Autovettura privata;In marcia / fermata / arresto;Conducente;F;Rimandato;0;NON DECEDUTO;;
2932811;15;16/08/2016 17:55;Strada Urbana;VIA SARZANA;all'intersezione con;VIALE VENTIMIGLIA;VIALE VENTIMIGLIA;;;Scontro laterale fra veicoli in marcia;Incrocio;Una carreggiata a doppio senso;Asciutto;Asfaltata;Verticale;Sereno;Normale;Buona;Ore Diurne;1;0;0;3;12.43819;41.84179;-1;2;Autovettura privata;In marcia / fermata / arresto;Conducente;F;Illeso;0;;;
2932811;15;16/08/2016 17:55;Strada Urbana;VIA SARZANA;all'intersezione con;VIALE VENTIMIGLIA;VIALE VENTIMIGLIA;;;Scontro laterale fra veicoli in marcia;Incrocio;Una carreggiata a doppio senso;Asciutto;Asfaltata;Verticale;Sereno;Normale;Buona;Ore Diurne;1;0;0;3;12.43819;41.84179;-1;2;Autovettura privata;In marcia / fermata / arresto;Passeggero;F;Illeso;0;;;
2932811;15;16/08/2016 17:55;Strada Urbana;VIA SARZANA;all'intersezione con;VIALE VENTIMIGLIA;VIALE VENTIMIGLIA;;;Scontro laterale fra veicoli in marcia;Incrocio;Una carreggiata a doppio senso;Asciutto;Asfaltata;Verticale;Sereno;Normale;Buona;Ore Diurne;1;0;0;3;12.43819;41.84179;-1;3;Autovettura privata;In marcia / fermata / arresto;Conducente;M;Illeso;0;;;
2932812;6;16/08/2016 18:50;Strada Urbana;VIA PRENESTINA;all'intersezione semaforizzata con;VIA ERASMO GATTAMELATA;VIA ERASMO GATTAMELATA;;;Infortunio per sola frenata improvvisa;Intersezione semaforizzata;Più di due carreggiate;Asciutto;Asfaltata;Verticale ed orizzontale;Sereno;Scarso;Buona;Ore Diurne;1;0;0;1;12.53614;41.89228;-1;1;Motociclo a solo;In marcia / fermata / arresto;Conducente;M;Rimandato;0;NON DECEDUTO;;
2932812;6;16/08/2016 18:50;Strada Urbana;VIA PRENESTINA;all'intersezione semaforizzata con;VIA ERASMO GATTAMELATA;VIA ERASMO GATTAMELATA;;;Infortunio per sola frenata improvvisa;Intersezione semaforizzata;Più di due carreggiate;Asciutto;Asfaltata;Verticale ed orizzontale;Sereno;Scarso;Buona;Ore Diurne;1;0;0;1;12.53614;41.89228;-1;2;Velocipede;In marcia / fermata / arresto;Conducente;M;Illeso;0;;Esente;
2932813;8;16/08/2016 16:30;Statale entro l'abitato;VIA CASILINA;all'intersezione con;VIA DI TORRENOVA;VIA DI TORRENOVA;;;Scontro frontale/laterale SX fra veicoli in marcia;Intersezione stradale segnalata;Una carreggiata a doppio senso;Asciutto;Asfaltata;Verticale ed orizzontale;Sereno;Normale;Buona;Ore Diurne;0;0;0;3;12.61936;41.86242;-1;1;Autovettura privata;In marcia / fermata / arresto;Conducente;F;Illeso;0;;Non accertato;
2932813;8;16/08/2016 16:30;Statale entro l'abitato;VIA CASILINA;all'intersezione con;VIA DI TORRENOVA;VIA DI TORRENOVA;;;Scontro frontale/laterale SX fra veicoli in marcia;Intersezione stradale segnalata;Una carreggiata a doppio senso;Asciutto;Asfaltata;Verticale ed orizzontale;Sereno;Normale;Buona;Ore Diurne;0;0;0;3;12.61936;41.86242;-1;2;Autovettura privata;In marcia / fermata / arresto;Conducente;M;Illeso;0;;Non accertato;Inesploso
2932813;8;16/08/2016 16:30;Statale entro l'abitato;VIA CASILINA;all'intersezione con;VIA DI TORRENOVA;VIA DI TORRENOVA;;;Scontro frontale/laterale SX fra veicoli in marcia;Intersezione stradale segnalata;Una carreggiata a doppio senso;Asciutto;Asfaltata;Verticale ed orizzontale;Sereno;Normale;Buona;Ore Diurne;0;0;0;3;12.61936;41.86242;-1;2;Autovettura privata;In marcia / fermata / arresto;Passeggero;M;Illeso;0;;;
2932818;11;16/08/2016 10:00;Strada Urbana;VIA ALESSIO BALDOVINETTI;all'intersezione con;VIA ANDREA DEL SARTO;VIA ANDREA DEL SARTO;;;Scontro frontale/laterale DX fra veicoli in marcia;Incrocio;Una carreggiata a doppio senso;Asciutto;Asfaltata;Verticale ed orizzontale;Sereno;Scarso;Buona;Ore Diurne;0;0;0;4;12.49459;41.83184;-1;1;Autovettura privata;In marcia / fermata / arresto;Conducente;F;Illeso;0;;Non accertato;
2932818;11;16/08/2016 10:00;Strada Urbana;VIA ALESSIO BALDOVINETTI;all'intersezione con;VIA ANDREA DEL SARTO;VIA ANDREA DEL SARTO;;;Scontro frontale/laterale DX fra veicoli in marcia;Incrocio;Una carreggiata a doppio senso;Asciutto;Asfaltata;Verticale ed orizzontale;Sereno;Scarso;Buona;Ore Diurne;0;0;0;4;12.49459;41.83184;-1;1;Autovettura privata;In marcia / fermata / arresto;Passeggero;M;Illeso;0;;Non accertato;
2932818;11;16/08/2016 10:00;Strada Urbana;VIA ALESSIO BALDOVINETTI;all'intersezione con;VIA ANDREA DEL SARTO;VIA ANDREA DEL SARTO;;;Scontro frontale/laterale DX fra veicoli in marcia;Incrocio;Una carreggiata a doppio senso;Asciutto;Asfaltata;Verticale ed orizzontale;Sereno;Scarso;Buona;Ore Diurne;0;0;0;4;12.49459;41.83184;-1;1;Autovettura privata;In marcia / fermata / arresto;Passeggero;F;Illeso;0;;Non accertato;
2932818;11;16/08/2016 10:00;Strada Urbana;VIA ALESSIO BALDOVINETTI;all'intersezione con;VIA ANDREA DEL SARTO;VIA ANDREA DEL SARTO;;;Scontro frontale/laterale DX fra veicoli in marcia;Incrocio;Una carreggiata a doppio senso;Asciutto;Asfaltata;Verticale ed orizzontale;Sereno;Scarso;Buona;Ore Diurne;0;0;0;4;12.49459;41.83184;-1;2;Autovettura privata;In marcia / fermata / arresto;Conducente;M;Illeso;0;;Non accertato;
2932833;5;16/08/2016 18:20;Strada Urbana;VIA DEL CASALE DI S. BASILIO;in prossimità;;del civico n.;21;;Investimento di pedone;Rettilineo;Una carreggiata a doppio senso;Asciutto;Asfaltata;Verticale ed orizzontale;Sereno;Intenso;Buona;Ore Diurne;1;0;0;1;12.56849;41.94499;-1;;;;Pedone;M;Rimandato;0;NON DECEDUTO;;
2932833;5;16/08/2016 18:20;Strada Urbana;VIA DEL CASALE DI S. BASILIO;in prossimità;;del civico n.;21;;Investimento di pedone;Rettilineo;Una carreggiata a doppio senso;Asciutto;Asfaltata;Verticale ed orizzontale;Sereno;Intenso;Buona;Ore Diurne;1;0;0;1;12.56849;41.94499;-1;1;Autocarro inferiore 35 q.;In marcia / fermata / arresto;Conducente;M;Illeso;0;;Non accertato;
2932836;7;16/08/2016 15:00;Strada Urbana;VIA COLLATINA;da specificare;;;;altezza  civico n. 250;Scontro laterale fra veicoli in marcia;Rettilineo;Una carreggiata a doppio senso;Asciutto;Asfaltata;Orizzontale;Sereno;Scarso;Buona;Ore Diurne;0;0;0;4;12.58819;41.90389;-1;1;Autovettura privata;In marcia / fermata / arresto;Conducente;F;Illeso;0;;Non accertato;Inesploso
2932836;7;16/08/2016 15:00;Strada Urbana;VIA COLLATINA;da specificare;;;;altezza  civico n. 250;Scontro laterale fra veicoli in marcia;Rettilineo;Una carreggiata a doppio senso;Asciutto;Asfaltata;Orizzontale;Sereno;Scarso;Buona;Ore Diurne;0;0;0;4;12.58819;41.90389;-1;2;Autovettura privata;In marcia / fermata / arresto;Conducente;M;Illeso;0;;Non accertato;Inesploso
2932836;7;16/08/2016 15:00;Strada Urbana;VIA COLLATINA;da specificare;;;;altezza  civico n. 250;Scontro laterale fra veicoli in marcia;Rettilineo;Una carreggiata a doppio senso;Asciutto;Asfaltata;Orizzontale;Sereno;Scarso;Buona;Ore Diurne;0;0;0;4;12.58819;41.90389;-1;2;Autovettura privata;In marcia / fermata / arresto;Passeggero;F;Illeso;0;;Non accertato;Inesploso
2932836;7;16/08/2016 15:00;Strada Urbana;VIA COLLATINA;da specificare;;;;altezza  civico n. 250;Scontro laterale fra veicoli in marcia;Rettilineo;Una carreggiata a doppio senso;Asciutto;Asfaltata;Orizzontale;Sereno;Scarso;Buona;Ore Diurne;0;0;0;4;12.58819;41.90389;-1;2;Autovettura privata;In marcia / fermata / arresto;Passeggero;M;Illeso;0;;;
2932837;17;16/08/2016 18:05;Strada Urbana;VIA FABIO MASSIMO;all'intersezione con;VIA GERMANICO;VIA GERMANICO;;;Scontro frontale/laterale DX fra veicoli in marcia;Incrocio;Una carreggiata a senso unico di marcia;Asciutto;Asfaltata;Verticale ed orizzontale;Sereno;Scarso;Buona;Ore Diurne;0;0;0;2;12.46219;41.90883;-1;1;Autovettura pubblica;In marcia / fermata / arresto;Conducente;M;Illeso;0;;Non accertato;Inesploso
2932837;17;16/08/2016 18:05;Strada Urbana;VIA FABIO MASSIMO;all'intersezione con;VIA GERMANICO;VIA GERMANICO;;;Scontro frontale/laterale DX fra veicoli in marcia;Incrocio;Una carreggiata a senso unico di marcia;Asciutto;Asfaltata;Verticale ed orizzontale;Sereno;Scarso;Buona;Ore Diurne;0;0;0;2;12.46219;41.90883;-1;2;Autovettura privata;In marcia / fermata / arresto;Conducente;M;Illeso;0;;;
2932844;20;16/08/2016 07:30;Strada Urbana;VIA LUIGI BODIO;all'intersezione con;VIA GIUSTINO FORTUNATO;VIA GIUSTINO FORTUNATO;;;Scontro frontale/laterale SX fra veicoli in marcia;Intersezione stradale segnalata;Una carreggiata a senso unico di marcia;Asciutto;Asfaltata;Verticale;Sereno;Scarso;Buona;Ore Diurne;0;0;0;4;12.46569;41.94508;-1;1;Autovettura privata;In marcia / fermata / arresto;Conducente;M;Illeso;0;;Non accertato;Inesploso
2932844;20;16/08/2016 07:30;Strada Urbana;VIA LUIGI BODIO;all'intersezione con;VIA GIUSTINO FORTUNATO;VIA GIUSTINO FORTUNATO;;;Scontro frontale/laterale SX fra veicoli in marcia;Intersezione stradale segnalata;Una carreggiata a senso unico di marcia;Asciutto;Asfaltata;Verticale;Sereno;Scarso;Buona;Ore Diurne;0;0;0;4;12.46569;41.94508;-1;1;Autovettura privata;In marcia / fermata / arresto;Passeggero;M;Illeso;0;;Non accertato;Inesploso
2932844;20;16/08/2016 07:30;Strada Urbana;VIA LUIGI BODIO;all'intersezione con;VIA GIUSTINO FORTUNATO;VIA GIUSTINO FORTUNATO;;;Scontro frontale/laterale SX fra veicoli in marcia;Intersezione stradale segnalata;Una carreggiata a senso unico di marcia;Asciutto;Asfaltata;Verticale;Sereno;Scarso;Buona;Ore Diurne;0;0;0;4;12.46569;41.94508;-1;2;Autovettura privata;In marcia / fermata / arresto;Conducente;M;Illeso;0;;Non accertato;
2932844;20;16/08/2016 07:30;Strada Urbana;VIA LUIGI BODIO;all'intersezione con;VIA GIUSTINO FORTUNATO;VIA GIUSTINO FORTUNATO;;;Scontro frontale/laterale SX fra veicoli in marcia;Intersezione stradale segnalata;Una carreggiata a senso unico di marcia;Asciutto;Asfaltata;Verticale;Sereno;Scarso;Buona;Ore Diurne;0;0;0;4;12.46569;41.94508;-1;2;Autovettura privata;In marcia / fermata / arresto;Passeggero;M;Illeso;0;;Non accertato;
2932851;13;16/08/2016 20:10;Strada Urbana;VIA DI MACCHIA SAPONARA;all'intersezione con;VIA PADRE PERILLI;VIA PADRE PERILLI;;;Veicolo in marcia contro ostacolo fisso;Incrocio;Una carreggiata a doppio senso;Asciutto;Asfaltata;Assente;Sereno;Normale;Buona;Ore Diurne;0;0;0;1;12.35755;41.76742;-1;1;Autovettura privata;In marcia / fermata / arresto;Conducente;F;Illeso;0;;;
2932857;19;16/08/2016 22:30;Strada Urbana;VIA DI TORREVECCHIA;all'intersezione con;VIA GIUSEPPE GIROLAMI;VIA GIUSEPPE GIROLAMI;;;Scontro frontale/laterale DX fra veicoli in marcia;Incrocio;Una carreggiata a doppio senso;Asciutto;Asfaltata;Verticale;Sereno;Scarso;Buona;Sufficiente;0;0;0;2;12.4123;41.92339;-1;1;Autovettura privata;In marcia / fermata / arresto;Conducente;F;Illeso;0;;Non accertato;Inesploso
2932857;19;16/08/2016 22:30;Strada Urbana;VIA DI TORREVECCHIA;all'intersezione con;VIA GIUSEPPE GIROLAMI;VIA GIUSEPPE GIROLAMI;;;Scontro frontale/laterale DX fra veicoli in marcia;Incrocio;Una carreggiata a doppio senso;Asciutto;Asfaltata;Verticale;Sereno;Scarso;Buona;Sufficiente;0;0;0;2;12.4123;41.92339;-1;2;Autovettura privata;In marcia / fermata / arresto;Conducente;M;Illeso;0;;Non accertato;Inesploso
2932859;4;16/08/2016 16:15;Strada Urbana;PIAZZA DELL'ATENEO SALESIANO;in prossimità;;del palo luce n.;2;;Scontro frontale fra veicoli in marcia;Rettilineo;Una carreggiata a doppio senso;Asciutto;Asfaltata;Verticale;Sereno;Scarso;Buona;Ore Diurne;0;0;0;2;12.52553;41.95897;-1;1;Autovettura privata;In marcia / fermata / arresto;Conducente;F;Illeso;0;;Non accertato;Inesploso
2932859;4;16/08/2016 16:15;Strada Urbana;PIAZZA DELL'ATENEO SALESIANO;in prossimità;;del palo luce n.;2;;Scontro frontale fra veicoli in marcia;Rettilineo;Una carreggiata a doppio senso;Asciutto;Asfaltata;Verticale;Sereno;Scarso;Buona;Ore Diurne;0;0;0;2;12.52553;41.95897;-1;2;Autocarro inferiore 35 q.;In marcia / fermata / arresto;Conducente;M;Illeso;0;;;
2932862;13;16/08/2016 11:00;Strada Urbana;VIALE ALESSANDRO RUSPOLI;all'intersezione con;VIA OTTONE FATTIBONI;VIA OTTONE FATTIBONI;;;Tamponamento;Incrocio;Due carreggiate;Asciutto;Asfaltata;Verticale ed orizzontale;Sereno;Scarso;Buona;Ore Diurne;1;0;0;1;12.34605;41.78833;-1;1;Velocipede;In marcia / fermata / arresto;Conducente;M;Rimandato;0;NON DECEDUTO;Esente;
2932862;13;16/08/2016 11:00;Strada Urbana;VIALE ALESSANDRO RUSPOLI;all'intersezione con;VIA OTTONE FATTIBONI;VIA OTTONE FATTIBONI;;;Tamponamento;Incrocio;Due carreggiate;Asciutto;Asfaltata;Verticale ed orizzontale;Sereno;Scarso;Buona;Ore Diurne;1;0;0;1;12.34605;41.78833;-1;2;Autovettura privata;In marcia / fermata / arresto;Conducente;M;Illeso;0;;Non accertato;Inesploso
2932868;13;16/08/2016 20:30;Strada Urbana;PIAZZA DEI RAVENNATI;da specificare;;;;LATO BOA;Investimento di pedone;Rettilineo;Due carreggiate;Asciutto;Asfaltata;Orizzontale;Sereno;Intenso;Buona;Sufficiente;1;0;0;0;12.27654;41.72974;-1;;;;Pedone;M;Rimandato;0;NON DECEDUTO;;
2932870;19;16/08/2016 20:40;Strada Urbana;GALLERIA GIOVANNI XXIII;in prossimità;;della chilometrica;1.5;;Veicolo in marcia contro ostacolo fisso;Curva a visuale libera;Una carreggiata a senso unico di marcia;Asciutto;Asfaltata;Verticale ed orizzontale;Sereno;Scarso;Buona;Sufficiente;0;0;0;1;12.44106;41.94044;-1;1;Autovettura privata;In marcia / fermata / arresto;Conducente;F;Illeso;0;;Non accertato;Esploso
2932881;4;16/08/2016 18:00;Strada Urbana;VIALE JONIO;in corrispondenza;;del civico n.;315;;Investimento di pedone;Rettilineo;Due carreggiate;Asciutto;Asfaltata;Assente;Sereno;Normale;Buona;Ore Diurne;1;0;0;1;12.53053;41.94555;-1;;;;Pedone;M;Rimandato;0;NON DECEDUTO;;
2932881;4;16/08/2016 18:00;Strada Urbana;VIALE JONIO;in corrispondenza;;del civico n.;315;;Investimento di pedone;Rettilineo;Due carreggiate;Asciutto;Asfaltata;Assente;Sereno;Normale;Buona;Ore Diurne;1;0;0;1;12.53053;41.94555;-1;1;Autobus di linea;In marcia / fermata / arresto;Conducente;M;Illeso;0;;Non accertato;Inesploso
2932884;6;16/08/2016 23:15;Strada Urbana;VIA DI TOR PIGNATTARA;in prossimità;;del civico n.;221;;Investimento di pedone;Rettilineo;Una carreggiata a doppio senso;Asciutto;Asfaltata;Orizzontale;Sereno;Scarso;Sufficiente;Sufficiente;2;0;0;0;12.54122;41.87432;-1;;;;Pedone;M;Rimandato;0;NON DECEDUTO;;
2932884;6;16/08/2016 23:15;Strada Urbana;VIA DI TOR PIGNATTARA;in prossimità;;del civico n.;221;;Investimento di pedone;Rettilineo;Una carreggiata a doppio senso;Asciutto;Asfaltata;Orizzontale;Sereno;Scarso;Sufficiente;Sufficiente;2;0;0;0;12.54122;41.87432;-1;1;Motociclo a solo;In marcia / fermata / arresto;Conducente;M;Rifiuta cure immediate;0;NON DECEDUTO;Non accertato;
2932903;18;16/08/2016 16:15;Strada Urbana;CIRCONVALLAZIONE AURELIA;in prossimità;;del civico n.;66;;Scontro laterale fra veicoli in marcia;Curva a visuale libera;Due carreggiate;Asciutto;Asfaltata;Verticale ed orizzontale;Sereno;Scarso;Buona;Ore Diurne;0;0;0;3;12.42825;41.89658;-1;1;Autovettura privata;In marcia / fermata / arresto;Conducente;F;Illeso;0;;Non accertato;Inesistente
2932903;18;16/08/2016 16:15;Strada Urbana;CIRCONVALLAZIONE AURELIA;in prossimità;;del civico n.;66;;Scontro laterale fra veicoli in marcia;Curva a visuale libera;Due carreggiate;Asciutto;Asfaltata;Verticale ed orizzontale;Sereno;Scarso;Buona;Ore Diurne;0;0;0;3;12.42825;41.89658;-1;2;Autovettura privata;In marcia / fermata / arresto;Conducente;M;Illeso;0;;Non accertato;Inesploso
2932903;18;16/08/2016 16:15;Strada Urbana;CIRCONVALLAZIONE AURELIA;in prossimità;;del civico n.;66;;Scontro laterale fra veicoli in marcia;Curva a visuale libera;Due carreggiate;Asciutto;Asfaltata;Verticale ed orizzontale;Sereno;Scarso;Buona;Ore Diurne;0;0;0;3;12.42825;41.89658;-1;2;Autovettura privata;In marcia / fermata / arresto;Passeggero;F;Illeso;0;;Non accertato;Inesploso
2932904;18;16/08/2016 16:30;Strada Urbana;VIA BALDO DEGLI UBALDI;da specificare;;;;FRONTE CIVICO 372;Scontro frontale/laterale DX fra veicoli in marcia;Rettilineo;Una carreggiata a senso unico di marcia;Asciutto;Asfaltata;Assente;Sereno;Scarso;Buona;Ore Diurne;1;0;0;1;12.43608;41.89975;-1;1;Motociclo a solo;In marcia / fermata / arresto;Conducente;M;Rimandato;0;NON DECEDUTO;;
2932904;18;16/08/2016 16:30;Strada Urbana;VIA BALDO DEGLI UBALDI;da specificare;;;;FRONTE CIVICO 372;Scontro frontale/laterale DX fra veicoli in marcia;Rettilineo;Una carreggiata a senso unico di marcia;Asciutto;Asfaltata;Assente;Sereno;Scarso;Buona;Ore Diurne;1;0;0;1;12.43608;41.89975;-1;2;Autovettura privata;In marcia / fermata / arresto;Conducente;M;Illeso;0;;;
2932906;18;16/08/2016 17:20;Strada Urbana;VIA AURELIA;da specificare;;;;prossimità fronte civico 493;Tamponamento;Rettilineo;Una carreggiata a doppio senso;Asciutto;Asfaltata;Verticale ed orizzontale;Sereno;Normale;Buona;Ore Diurne;0;0;0;2;12.41307;41.89089;-1;1;Autovettura privata;In marcia / fermata / arresto;Conducente;M;Illeso;0;;;
2932906;18;16/08/2016 17:20;Strada Urbana;VIA AURELIA;da specificare;;;;prossimità fronte civico 493;Tamponamento;Rettilineo;Una carreggiata a doppio senso;Asciutto;Asfaltata;Verticale ed orizzontale;Sereno;Normale;Buona;Ore Diurne;0;0;0;2;12.41307;41.89089;-1;2;Autovettura privata;In marcia / fermata / arresto;Conducente;M;Illeso;0;;;
2932907;18;16/08/2016 18:40;Strada Urbana;VIA URBANO II;all'intersezione con;LARGO PIER FRANCESCO SCARAMPI;LARGO PIER FRANCESCO SCARAMPI;;;Scontro frontale/laterale SX fra veicoli in marcia;Incrocio;Una carreggiata a doppio senso;Asciutto;Asfaltata;Assente;Sereno;Normale;Buona;Ore Diurne;2;0;0;1;12.42332;41.90462;-1;1;Autovettura privata;In marcia / fermata / arresto;Conducente;M;Illeso;0;;Non accertato;Inesploso
2932907;18;16/08/2016 18:40;Strada Urbana;VIA URBANO II;all'intersezione con;LARGO PIER FRANCESCO SCARAMPI;LARGO PIER FRANCESCO SCARAMPI;;;Scontro frontale/laterale SX fra veicoli in marcia;Incrocio;Una carreggiata a doppio senso;Asciutto;Asfaltata;Assente;Sereno;Normale;Buona;Ore Diurne;2;0;0;1;12.42332;41.90462;-1;2;Motociclo con passeggero;In marcia / fermata / arresto;Conducente;M;Rimandato;0;NON DECEDUTO;Non accertato;
2932907;18;16/08/2016 18:40;Strada Urbana;VIA URBANO II;all'intersezione con;LARGO PIER FRANCESCO SCARAMPI;LARGO PIER FRANCESCO SCARAMPI;;;Scontro frontale/laterale SX fra veicoli in marcia;Incrocio;Una carreggiata a doppio senso;Asciutto;Asfaltata;Assente;Sereno;Normale;Buona;Ore Diurne;2;0;0;1;12.42332;41.90462;-1;2;Motociclo con passeggero;In marcia / fermata / arresto;Passeggero;M;Rimandato;0;NON DECEDUTO;Non accertato;
2932913;18;16/08/2016 20:01;Strada Urbana;VIA DI VALLELUNGA;all'intersezione con;VIA GAETANO MAZZONI;VIA GAETANO MAZZONI;;;Veicolo in marcia contro ostacolo accidentale;Intersezione stradale segnalata;Una carreggiata a senso unico di marcia;Asciutto;Asfaltata;Verticale ed orizzontale;Nuvoloso;Scarso;Buona;Sufficiente;1;0;0;1;12.39679;41.90988;-1;1;Motociclo a solo;In marcia / fermata / arresto;Conducente;M;Rifiuta cure immediate;0;NON DECEDUTO;;
2932913;18;16/08/2016 20:01;Strada Urbana;VIA DI VALLELUNGA;all'intersezione con;VIA GAETANO MAZZONI;VIA GAETANO MAZZONI;;;Veicolo in marcia contro ostacolo accidentale;Intersezione stradale segnalata;Una carreggiata a senso unico di marcia;Asciutto;Asfaltata;Verticale ed orizzontale;Nuvoloso;Scarso;Buona;Sufficiente;1;0;0;1;12.39679;41.90988;-1;1;Motociclo a solo;In marcia / fermata / arresto;Passeggero;M;Illeso;0;;;
2932916;18;16/08/2016 20:00;Strada Urbana;VIA DI VALLELUNGA;all'intersezione con;VIA GAETANO MAZZONI;VIA GAETANO MAZZONI;;;Veicolo in marcia contro ostacolo accidentale;Incrocio;Una carreggiata a senso unico di marcia;Viscido da liquidi oleosi;Asfaltata;Verticale ed orizzontale;Nuvoloso;Scarso;Buona;Sufficiente;0;0;0;2;12.39682;41.90986;-1;1;Motociclo a solo;In marcia / fermata / arresto;Conducente;M;Illeso;0;;;
2932916;18;16/08/2016 20:00;Strada Urbana;VIA DI VALLELUNGA;all'intersezione con;VIA GAETANO MAZZONI;VIA GAETANO MAZZONI;;;Veicolo in marcia contro ostacolo accidentale;Incrocio;Una carreggiata a senso unico di marcia;Viscido da liquidi oleosi;Asfaltata;Verticale ed orizzontale;Nuvoloso;Scarso;Buona;Sufficiente;0;0;0;2;12.39682;41.90986;-1;1;Motociclo a solo;In marcia / fermata / arresto;Passeggero;M;Illeso;0;;;
2932921;3;16/08/2016 15:50;Strada Urbana;VIA DEI VOLSCI;all'intersezione con;VIA DEI SARDI;VIA DEI SARDI;;;Scontro frontale/laterale SX fra veicoli in marcia;Incrocio;Una carreggiata a senso unico di marcia;Asciutto;Asfaltata;Verticale ed orizzontale;Sereno;Scarso;Buona;Ore Diurne;1;0;0;4;12.51579;41.89826;-1;1;Autovettura privata;In marcia / fermata / arresto;Conducente;F;Illeso;0;;Non accertato;Inesploso
2932921;3;16/08/2016 15:50;Strada Urbana;VIA DEI VOLSCI;all'intersezione con;VIA DEI SARDI;VIA DEI SARDI;;;Scontro frontale/laterale SX fra veicoli in marcia;Incrocio;Una carreggiata a senso unico di marcia;Asciutto;Asfaltata;Verticale ed orizzontale;Sereno;Scarso;Buona;Ore Diurne;1;0;0;4;12.51579;41.89826;-1;1;Autovettura privata;In marcia / fermata / arresto;Passeggero;M;Illeso;0;;Non accertato;Inesploso
2932921;3;16/08/2016 15:50;Strada Urbana;VIA DEI VOLSCI;all'intersezione con;VIA DEI SARDI;VIA DEI SARDI;;;Scontro frontale/laterale SX fra veicoli in marcia;Incrocio;Una carreggiata a senso unico di marcia;Asciutto;Asfaltata;Verticale ed orizzontale;Sereno;Scarso;Buona;Ore Diurne;1;0;0;4;12.51579;41.89826;-1;1;Autovettura privata;In marcia / fermata / arresto;Passeggero;M;Illeso;0;;Non accertato;Inesploso
2932921;3;16/08/2016 15:50;Strada Urbana;VIA DEI VOLSCI;all'intersezione con;VIA DEI SARDI;VIA DEI SARDI;;;Scontro frontale/laterale SX fra veicoli in marcia;Incrocio;Una carreggiata a senso unico di marcia;Asciutto;Asfaltata;Verticale ed orizzontale;Sereno;Scarso;Buona;Ore Diurne;1;0;0;4;12.51579;41.89826;-1;2;Motociclo a solo;In marcia / fermata / arresto;Conducente;M;Rimandato;0;NON DECEDUTO;Non accertato;
2932966;16;14/08/2016 22:00;Strada Urbana;LUNGOTEVERE DI PIETRA PAPA;in corrispondenza;;del civico n.;71;;Scontro laterale fra veicoli in marcia;Rettilineo;Due carreggiate;Asciutto;Asfaltata;Orizzontale;Sereno;Scarso;Sufficiente;Sufficiente;0;0;0;4;12.47233;41.86195;-1;1;Autovettura privata;In marcia / fermata / arresto;Conducente;M;Illeso;0;;Non accertato;
2932966;16;14/08/2016 22:00;Strada Urbana;LUNGOTEVERE DI PIETRA PAPA;in corrispondenza;;del civico n.;71;;Scontro laterale fra veicoli in marcia;Rettilineo;Due carreggiate;Asciutto;Asfaltata;Orizzontale;Sereno;Scarso;Sufficiente;Sufficiente;0;0;0;4;12.47233;41.86195;-1;2;Autovettura privata;In marcia / fermata / arresto;Conducente;M;Illeso;0;;Non accertato;
2932966;16;14/08/2016 22:00;Strada Urbana;LUNGOTEVERE DI PIETRA PAPA;in corrispondenza;;del civico n.;71;;Scontro laterale fra veicoli in marcia;Rettilineo;Due carreggiate;Asciutto;Asfaltata;Orizzontale;Sereno;Scarso;Sufficiente;Sufficiente;0;0;0;4;12.47233;41.86195;-1;2;Autovettura privata;In marcia / fermata / arresto;Passeggero;M;Illeso;0;;Non accertato;