Protocollo;Gruppo;DataOraIncidente;Localizzazione1;STRADA1;Localizzazione2;STRADA2;Strada02;Chilometrica;DaSpecificare;NaturaIncidente;particolaritastrade;TipoStrada;FondoStradale;Pavimentazione;Segnaletica;CondizioneAtmosferica;Traffico;Visibilita;Illuminazione;NUM_FERITI;NUM_RISERVATA;NUM_MORTI;NUM_ILLESI;Longitudine;Latitudine;Confermato;Progressivo;TipoVeicolo;StatoVeicolo;TipoPersona;Sesso;Tipolesione;Deceduto;DecedutoDopo;CinturaCascoUtilizzato;Airbag
2932966;16;14/08/2016 22:00;Strada Urbana;LUNGOTEVERE DI PIETRA PAPA;in corrispondenza;;del civico n.;71;;Scontro laterale fra veicoli in marcia;Rettilineo;Due carreggiate;Asciutto;Asfaltata;Orizzontale;Sereno;Scarso;Sufficiente;Sufficiente;0;0;0;4;12.47233;41.86195;-1;2;Autovettura privata;In marcia / fermata / arresto;Passeggero;M;Illeso;0;;Non accertato;
2932967;16;15/08/2016 09:40;Strada Urbana;VIALE ISACCO NEWTON;in corrispondenza;;del civico n.;100;;Scontro frontale/laterale SX fra veicoli in marcia;Rettilineo;Due carreggiate;Asciutto;Asfaltata;Assente;Sereno;Scarso;Buona;Ore Diurne;0;0;0;2;12.44052;41.85721;-1;1;Autovettura privata;In marcia / fermata / arresto;Conducente;M;Illeso;0;;Non accertato;
2932967;16;15/08/2016 09:40;Strada Urbana;VIALE ISACCO NEWTON;in corrispondenza;;del civico n.;100;;Scontro frontale/laterale SX fra veicoli in marcia;Rettilineo;Due carreggiate;Asciutto;Asfaltata;Assente;Sereno;Scarso;Buona;Ore Diurne;0;0;0;2;12.44052;41.85721;-1;2;Autovettura privata;In marcia / fermata / arresto;Conducente;M;Illeso;0;;Non accertato;
2932981;12;15/08/2016 14:00;Strada Urbana;VIALE CAMILLO SABATINI;in corrispondenza;;del civico n.;125;;Veicolo in marcia contro ostacolo accidentale;Rettilineo;Una carreggiata a doppio senso;Asciutto;Asfaltata;Verticale ed orizzontale;Sereno;Scarso;Buona;Ore Diurne;0;0;0;1;12.44009;41.81821;-1;1;Autobus urbano;In marcia / fermata / arresto;Conducente;M;Illeso;0;;Esente;Inesistente
2932987;16;15/08/2016 19:30;Strada Urbana;VIA AURELIA ANTICA;in corrispondenza;;del civico n.;327;;Scontro frontale/laterale DX fra veicoli in marcia;Rettilineo;Una carreggiata a senso unico di marcia;Asciutto;Asfaltata;Assente;Sereno;Normale;Buona;Ore Diurne;0;0;0;3;12.43283;41.89065;-1;1;Autovettura privata;In marcia / fermata / arresto;Conducente;F;Illeso;0;;Non accertato;
2932987;16;15/08/2016 19:30;Strada Urbana;VIA AURELIA ANTICA;in corrispondenza;;del civico n.;327;;Scontro frontale/laterale DX fra veicoli in marcia;Rettilineo;Una carreggiata a senso unico di marcia;Asciutto;Asfaltata;Assente;Sereno;Normale;Buona;Ore Diurne;0;0;0;3;12.43283;41.89065;-1;2;Autovettura privata;In marcia / fermata / arresto;Conducente;F;Illeso;0;;Non accertato;
2932987;16;15/08/2016 19:30;Strada Urbana;VIA AURELIA ANTICA;in corrispondenza;;del civico n.;327;;Scontro frontale/laterale DX fra veicoli in marcia;Rettilineo;Una carreggiata a senso unico di marcia;Asciutto;Asfaltata;Assente;Sereno;Normale;Buona;Ore Diurne;0;0;0;3;12.43283;41.89065;-1;2;Autovettura privata;In marcia / fermata / arresto;Passeggero;F;Illeso;0;;Non accertato;
2933032;13;16/08/2016 23:00;Strada Urbana;VIA DELL'APPAGLIATORE;all'intersezione con;VIA DANILO STIEPOVICH;VIA DANILO STIEPOVICH;;;Scontro frontale/laterale DX fra veicoli in marcia;Incrocio;Una carreggiata a senso unico di marcia;Asciutto;Asfaltata;Verticale ed orizzontale;Sereno;Scarso;Buona;Sufficiente;3;0;0;3;12.26459;41.73873;-1;1;Autovettura privata;In marcia / fermata / arresto;Conducente;M;Illeso;0;;Non accertato;Inesploso
2933032;13;16/08/2016 23:00;Strada Urbana;VIA DELL'APPAGLIATORE;all'intersezione con;VIA DANILO STIEPOVICH;VIA DANILO STIEPOVICH;;;Scontro frontale/laterale DX fra veicoli in marcia;Incrocio;Una carreggiata a senso unico di marcia;Asciutto;Asfaltata;Verticale ed orizzontale;Sereno;Scarso;Buona;Sufficiente;3;0;0;3;12.26459;41.73873;-1;1;Autovettura privata;In marcia / fermata / arresto;Passeggero;F;Rimandato;0;NON DECEDUTO;Non accertato;Inesploso
2933032;13;16/08/2016 23:00;Strada Urbana;VIA DELL'APPAGLIATORE;all'intersezione con;VIA DANILO STIEPOVICH;VIA DANILO STIEPOVICH;;;Scontro frontale/laterale DX fra veicoli in marcia;Incrocio;Una carreggiata a senso unico di marcia;Asciutto;Asfaltata;Verticale ed orizzontale;Sereno;Scarso;Buona;Sufficiente;3;0;0;3;12.26459;41.73873;-1;1;Autovettura privata;In marcia / fermata / arresto;Passeggero;M;Rimandato;0;NON DECEDUTO;Non accertato;Inesploso
2933032;13;16/08/2016 23:00;Strada Urbana;VIA DELL'APPAGLIATORE;all'intersezione con;VIA DANILO STIEPOVICH;VIA DANILO STIEPOVICH;;;Scontro frontale/laterale DX fra veicoli in marcia;Incrocio;Una carreggiata a senso unico di marcia;Asciutto;Asfaltata;Verticale ed orizzontale;Sereno;Scarso;Buona;Sufficiente;3;0;0;3;12.26459;41.73873;-1;1;Autovettura privata;In marcia / fermata / arresto;Passeggero;M;Illeso;0;;Non accertato;Inesploso
2933032;13;16/08/2016 23:00;Strada Urbana;VIA DELL'APPAGLIATORE;all'intersezione con;VIA DANILO STIEPOVICH;VIA DANILO STIEPOVICH;;;Scontro frontale/laterale DX fra veicoli in marcia;Incrocio;Una carreggiata a senso unico di marcia;Asciutto;Asfaltata;Verticale ed orizzontale;Sereno;Scarso;Buona;Sufficiente;3;0;0;3;12.26459;41.73873;-1;2;Autovettura privata;In marcia / fermata / arresto;Conducente;F;Illeso;0;;Non accertato;Inesploso
2933032;13;16/08/2016 23:00;Strada Urbana;VIA DELL'APPAGLIATORE;all'intersezione con;VIA DANILO STIEPOVICH;VIA DANILO STIEPOVICH;;;Scontro frontale/laterale DX fra veicoli in marcia;Incrocio;Una carreggiata a senso unico di marcia;Asciutto;Asfaltata;Verticale ed orizzontale;Sereno;Scarso;Buona;Sufficiente;3;0;0;3;12.26459;41.73873;-1;2;Autovettura privata;In marcia / fermata / arresto;Passeggero;F;Rimandato;0;NON DECEDUTO;Non accertato;Inesploso
2933033;13;16/08/2016 10:45;Strada Urbana;CORSO DUCA DI GENOVA;da specificare;;;;ALTEZZA VLE DELLE R. MARINARE;Veicolo in marcia contro ostacolo accidentale;Rettilineo;Una carreggiata a doppio senso;Asciutto;Asfaltata;Verticale;Sereno;Normale;Buona;Ore Diurne;1;0;0;1;12.27145;41.73394;-1;;;;Pedone;M;Rimandato;0;NON DECEDUTO;;
2933033;13;16/08/2016 10:45;Strada Urbana;CORSO DUCA DI GENOVA;da specificare;;;;ALTEZZA VLE DELLE R. MARINARE;Veicolo in marcia contro ostacolo accidentale;Rettilineo;Una carreggiata a doppio senso;Asciutto;Asfaltata;Verticale;Sereno;Normale;Buona;Ore Diurne;1;0;0;1;12.27145;41.73394;-1;1;Autovettura privata;In marcia / fermata / arresto;Conducente;F;Illeso;0;;;
2933113;16;16/08/2016 21:00;Strada Urbana;VIA DEL MONTE DELLE CAPRE;in prossimità;;del civico n.;22;;Veicolo in marcia contro veicolo in sosta;Rettilineo;Una carreggiata a senso unico di marcia;Asciutto;Asfaltata;Verticale;Sereno;Scarso;Buona;Sufficiente;0;0;0;4;12.43379;41.8452;-1;1;Autovettura privata;Sosta;Passeggero;F;Illeso;0;;Non accertato;Inesploso
2933113;16;16/08/2016 21:00;Strada Urbana;VIA DEL MONTE DELLE CAPRE;in prossimità;;del civico n.;22;;Veicolo in marcia contro veicolo in sosta;Rettilineo;Una carreggiata a senso unico di marcia;Asciutto;Asfaltata;Verticale;Sereno;Scarso;Buona;Sufficiente;0;0;0;4;12.43379;41.8452;-1;1;Autovettura privata;Sosta;Passeggero;F;Illeso;0;;Non accertato;Inesploso
2933113;16;16/08/2016 21:00;Strada Urbana;VIA DEL MONTE DELLE CAPRE;in prossimità;;del civico n.;22;;Veicolo in marcia contro veicolo in sosta;Rettilineo;Una carreggiata a senso unico di marcia;Asciutto;Asfaltata;Verticale;Sereno;Scarso;Buona;Sufficiente;0;0;0;4;12.43379;41.8452;-1;2;Autovettura privata;In marcia / fermata / arresto;Conducente;M;Illeso;0;;Non accertato;Inesploso
2933113;16;16/08/2016 21:00;Strada Urbana;VIA DEL MONTE DELLE CAPRE;in prossimità;;del civico n.;22;;Veicolo in marcia contro veicolo in sosta;Rettilineo;Una carreggiata a senso unico di marcia;Asciutto;Asfaltata;Verticale;Sereno;Scarso;Buona;Sufficiente;0;0;0;4;12.43379;41.8452;-1;2;Autovettura privata;In marcia / fermata / arresto;Passeggero;F;Illeso;0;;Non accertato;Inesploso
2933175;13;12/08/2016 13:00;Strada Urbana;VIA DEI VELIERI;all'intersezione con;VIA DELLE GONDOLE;VIA DELLE GONDOLE;;;Scontro frontale/laterale DX fra veicoli in marcia;Incrocio;Una carreggiata a senso unico di marcia;Asciutto;Asfaltata;Verticale ed orizzontale;Sereno;Scarso;Buona;Ore Diurne;0;0;0;1;12.27552;41.73638;-1;1;Autovettura privata;In marcia / fermata / arresto;Conducente;F;Illeso;0;;Non accertato;Inesploso
2933234;12;17/08/2016 13:30;Provinciale entro l'abitato;VIA LAURENTINA;da specificare;;;;(dir. Roma) fronte Via C. Linati;Scontro laterale fra veicoli in marcia;Curva a visuale libera;Più di due carreggiate;Asciutto;Asfaltata;Temporanea di cantiere;Sereno;Normale;Buona;Ore Diurne;0;0;0;4;12.48439;41.80624;-1;1;Autovettura privata;In marcia / fermata / arresto;Conducente;M;Illeso;0;;Utilizzato;Inesploso
2933234;12;17/08/2016 13:30;Provinciale entro l'abitato;VIA LAURENTINA;da specificare;;;;(dir. Roma) fronte Via C. Linati;Scontro laterale fra veicoli in marcia;Curva a visuale libera;Più di due carreggiate;Asciutto;Asfaltata;Temporanea di cantiere;Sereno;Normale;Buona;Ore Diurne;0;0;0;4;12.48439;41.80624;-1;2;Autovettura privata;In marcia / fermata / arresto;Conducente;M;Illeso;0;;Utilizzato;Inesploso
2933234;12;17/08/2016 13:30;Provinciale entro l'abitato;VIA LAURENTINA;da specificare;;;;(dir. Roma) fronte Via C. Linati;Scontro laterale fra veicoli in marcia;Curva a visuale libera;Più di due carreggiate;Asciutto;Asfaltata;Temporanea di cantiere;Sereno;Normale;Buona;Ore Diurne;0;0;0;4;12.48439;41.80624;-1;2;Autovettura privata;In marcia / fermata / arresto;Passeggero;F;Illeso;0;;Utilizzato;Inesploso
2933234;12;17/08/2016 13:30;Provinciale entro l'abitato;VIA LAURENTINA;da specificare;;;;(dir. Roma) fronte Via C. Linati;Scontro laterale fra veicoli in marcia;Curva a visuale libera;Più di due carreggiate;Asciutto;Asfaltata;Temporanea di cantiere;Sereno;Normale;Buona;Ore Diurne;0;0;0;4;12.48439;41.80624;-1;2;Autovettura privata;In marcia / fermata / arresto;Passeggero;M;Illeso;0;;Utilizzato;Inesploso
2933351;11;17/08/2016 16:40;Strada Urbana;VIA LAURENTINA;all'intersezione con;VIA LUIGI PERNA;VIA LUIGI PERNA;;;Ribaltamento senza urto contro ostacolo fisso;Intersezione stradale segnalata;Due carreggiate;Viscido da liquidi oleosi;Asfaltata;Verticale ed orizzontale;Sereno;Scarso;Buona;Ore Diurne;2;0;0;1;12.47991;41.84495;-1;1;Motociclo a solo;In marcia / fermata / arresto;Conducente;M;Rifiuta cure immediate;0;NON DECEDUTO;Non accertato;
2933351;11;17/08/2016 16:40;Strada Urbana;VIA LAURENTINA;all'intersezione con;VIA LUIGI PERNA;VIA LUIGI PERNA;;;Ribaltamento senza urto contro ostacolo fisso;Intersezione stradale segnalata;Due carreggiate;Viscido da liquidi oleosi;Asfaltata;Verticale ed orizzontale;Sereno;Scarso;Buona;Ore Diurne;2;0;0;1;12.47991;41.84495;-1;1;Motociclo a solo;In marcia / fermata / arresto;Passeggero;F;Rifiuta cure immediate;0;NON DECEDUTO;Non accertato;
2933351;11;17/08/2016 16:40;Strada Urbana;VIA LAURENTINA;all'intersezione con;VIA LUIGI PERNA;VIA LUIGI PERNA;;;Ribaltamento senza urto contro ostacolo fisso;Intersezione stradale segnalata;Due carreggiate;Viscido da liquidi oleosi;Asfaltata;Verticale ed orizzontale;Sereno;Scarso;Buona;Ore Diurne;2;0;0;1;12.47991;41.84495;-1;2;Veicolo speciale;In marcia / fermata / arresto;Conducente;M;Illeso;0;;Non accertato;Inesistente
2933379;12;17/08/2016 16:30;Strada Urbana;VIALE GUGLIELMO MARCONI;da specificare;;;;dir. Vle dell'Industria sottovia Colombo;Veicolo in marcia contro ostacolo accidentale;Curva senza visuale libera;Una carreggiata a senso unico di marcia;Viscido da liquidi oleosi;Asfaltata;Verticale ed orizzontale;Sereno;Normale;Buona;Ore Diurne;1;0;0;0;12.47695;41.84456;-1;1;Motociclo a solo;In marcia / fermata / arresto;Conducente;M;Rimandato;0;NON DECEDUTO;Utilizzato;
2933384;6;17/08/2016 17:40;Strada Urbana;VIALE DELLA PRIMAVERA;da specificare;;;;fronte civico 325;Scontro frontale fra veicoli in marcia;Curva a visuale libera;Due carreggiate;Asciutto;Asfaltata;Verticale ed orizzontale;Sereno;Normale;Buona;Ore Diurne;1;0;0;2;12.55852;41.87767;-1;1;Autovettura di polizia;In marcia / fermata / arresto;Conducente;M;Rifiuta cure immediate;0;NON DECEDUTO;Non accertato;Inesploso
2933384;6;17/08/2016 17:40;Strada Urbana;VIALE DELLA PRIMAVERA;da specificare;;;;fronte civico 325;Scontro frontale fra veicoli in marcia;Curva a visuale libera;Due carreggiate;Asciutto;Asfaltata;Verticale ed orizzontale;Sereno;Normale;Buona;Ore Diurne;1;0;0;2;12.55852;41.87767;-1;1;Autovettura di polizia;In marcia / fermata / arresto;Passeggero;M;Illeso;0;;;
2933384;6;17/08/2016 17:40;Strada Urbana;VIALE DELLA PRIMAVERA;da specificare;;;;fronte civico 325;Scontro frontale fra veicoli in marcia;Curva a visuale libera;Due carreggiate;Asciutto;Asfaltata;Verticale ed orizzontale;Sereno;Normale;Buona;Ore Diurne;1;0;0;2;12.55852;41.87767;-1;2;Motociclo a solo;In marcia / fermata / arresto;Conducente;M;Illeso;0;;Non accertato;
2933501;9;17/08/2016 18:20;Strada Urbana;VIA DELLA CAFFARELLETTA;in prossimità;;del civico n.;87;;Veicolo in marcia contro veicoli in sosta;Curva a visuale libera;Una carreggiata a senso unico di marcia;Asciutto;Asfaltata;Verticale ed orizzontale;Sereno;Scarso;Buona;Ore Diurne;0;0;0;1;12.5166;41.86838;-1;1;Autovettura privata;In marcia / fermata / arresto;Conducente;M;Illeso;0;;Non accertato;Inesploso
2933568;13;17/08/2016 18:20;Strada Urbana;VIA DEL ROSMARINO;all'intersezione con;VIA GIOVANNI FRANZONI;VIA GIOVANNI FRANZONI;;;Scontro laterale fra veicoli in marcia;Incrocio;Una carreggiata a doppio senso;Asciutto;Asfaltata;Assente;Sereno;Normale;Buona;Ore Diurne;0;0;0;3;12.35513;41.78571;-1;1;Autovettura privata;In marcia / fermata / arresto;Conducente;M;Illeso;0;;;
2933568;13;17/08/2016 18:20;Strada Urbana;VIA DEL ROSMARINO;all'intersezione con;VIA GIOVANNI FRANZONI;VIA GIOVANNI FRANZONI;;;Scontro laterale fra veicoli in marcia;Incrocio;Una carreggiata a doppio senso;Asciutto;Asfaltata;Assente;Sereno;Normale;Buona;Ore Diurne;0;0;0;3;12.35513;41.78571;-1;1;Autovettura privata;In marcia / fermata / arresto;Passeggero;F;Illeso;0;;;
2933568;13;17/08/2016 18:20;Strada Urbana;VIA DEL ROSMARINO;all'intersezione con;VIA GIOVANNI FRANZONI;VIA GIOVANNI FRANZONI;;;Scontro laterale fra veicoli in marcia;Incrocio;Una carreggiata a doppio senso;Asciutto;Asfaltata;Assente;Sereno;Normale;Buona;Ore Diurne;0;0;0;3;12.35513;41.78571;-1;2;Autovettura privata;In marcia / fermata / arresto;Conducente;M;Illeso;0;;;
2933570;13;17/08/2016 08:15;Strada Urbana;VIA DELLE AZZORRE;da specificare;;;;prossimità V dei Romagnoli;Scontro frontale/laterale DX fra veicoli in marcia;Rettilineo;Due carreggiate;Asciutto;Asfaltata;Assente;Nuvoloso;Normale;Buona;Ore Diurne;1;0;0;1;12.28386;41.7406;-1;1;Motociclo a solo;In marcia / fermata / arresto;Conducente;M;Rimandato;0;NON DECEDUTO;;
2933570;13;17/08/2016 08:15;Strada Urbana;VIA DELLE AZZORRE;da specificare;;;;prossimità V dei Romagnoli;Scontro frontale/laterale DX fra veicoli in marcia;Rettilineo;Due carreggiate;Asciutto;Asfaltata;Assente;Nuvoloso;Normale;Buona;Ore Diurne;1;0;0;1;12.28386;41.7406;-1;2;Autovettura privata;In marcia / fermata / arresto;Conducente;F;Illeso;0;;;
2933571;7;17/08/2016 10:00;Strada Urbana;VIALE PALMIRO TOGLIATTI;da specificare;;;;PROSSIMITA' V.LE DEI ROMANISTI;Tamponamento Multiplo;Rettilineo;Due carreggiate;Asciutto;Asfaltata;Verticale ed orizzontale;Nuvoloso;Normale;Buona;Ore Diurne;0;0;0;4;12.56805;41.86986;-1;1;Autovettura privata;In marcia / fermata / arresto;Conducente;M;Illeso;0;;Non accertato;Inesploso
2933571;7;17/08/2016 10:00;Strada Urbana;VIALE PALMIRO TOGLIATTI;da specificare;;;;PROSSIMITA' V.LE DEI ROMANISTI;Tamponamento Multiplo;Rettilineo;Due carreggiate;Asciutto;Asfaltata;Verticale ed orizzontale;Nuvoloso;Normale;Buona;Ore Diurne;0;0;0;4;12.56805;41.86986;-1;1;Autovettura privata;In marcia / fermata / arresto;Passeggero;M;Illeso;0;;Non accertato;Inesploso
2933571;7;17/08/2016 10:00;Strada Urbana;VIALE PALMIRO TOGLIATTI;da specificare;;;;PROSSIMITA' V.LE DEI ROMANISTI;Tamponamento Multiplo;Rettilineo;Due carreggiate;Asciutto;Asfaltata;Verticale ed orizzontale;Nuvoloso;Normale;Buona;Ore Diurne;0;0;0;4;12.56805;41.86986;-1;2;Autovettura privata;In marcia / fermata / arresto;Conducente;M;Illeso;0;;Esente;Inesploso
2933571;7;17/08/2016 10:00;Strada Urbana;VIALE PALMIRO TOGLIATTI;da specificare;;;;PROSSIMITA' V.LE DEI ROMANISTI;Tamponamento Multiplo;Rettilineo;Due carreggiate;Asciutto;Asfaltata;Verticale ed orizzontale;Nuvoloso;Normale;Buona;Ore Diurne;0;0;0;4;12.56805;41.86986;-1;3;Autovettura privata;In marcia / fermata / arresto;Conducente;F;Illeso;0;;Non accertato;Inesploso
2933584;5;17/08/2016 07:30;Strada Urbana;VIA TIBURTINA;in corrispondenza;;del civico n.;667/B;;Scontro laterale fra veicoli in marcia;Rettilineo;Due carreggiate;Asciutto;Asfaltata;Orizzontale;Nuvoloso;Scarso;Buona;Ore Diurne;0;0;0;2;12.54922;41.91065;-1;1;Autovettura privata;In marcia / fermata / arresto;Conducente;F;Illeso;0;;Non accertato;
2933584;5;17/08/2016 07:30;Strada Urbana;VIA TIBURTINA;in corrispondenza;;del civico n.;667/B;;Scontro laterale fra veicoli in marcia;Rettilineo;Due carreggiate;Asciutto;Asfaltata;Orizzontale;Nuvoloso;Scarso;Buona;Ore Diurne;0;0;0;2;12.54922;41.91065;-1;2;Autovettura privata;In marcia / fermata / arresto;Conducente;F;Illeso;0;;Non accertato;
2933599;10;17/08/2016 07:45;Strada Urbana;PIAZZA DEI CONSOLI;in prossimità;;del civico n.;1;;Investimento di pedone;Rettilineo;Una carreggiata a senso unico di marcia;Asciutto;Asfaltata;Verticale ed orizzontale;Nuvoloso;Scarso;Buona;Ore Diurne;1;0;0;1;12.55755;41.86239;-1;;;;Pedone;F;Rimandato;0;NON DECEDUTO;;
2933599;10;17/08/2016 07:45;Strada Urbana;PIAZZA DEI CONSOLI;in prossimità;;del civico n.;1;;Investimento di pedone;Rettilineo;Una carreggiata a senso unico di marcia;Asciutto;Asfaltata;Verticale ed orizzontale;Nuvoloso;Scarso;Buona;Ore Diurne;1;0;0;1;12.55755;41.86239;-1;1;Autovettura privata;In marcia / fermata / arresto;Conducente;F;Illeso;0;;Non accertato;Inesploso
2933626;18;17/08/2016 16:45;Strada Urbana;PIAZZA PIO XI;all'intersezione semaforizzata con;VIA GREGORIO VII;VIA GREGORIO VII;;;Veicolo in marcia contro ostacolo accidentale;Intersezione semaforizzata;Più di due carreggiate;Viscido da liquidi oleosi;Asfaltata;Verticale ed orizzontale;Sereno;Normale;Buona;Ore Diurne;1;0;0;0;12.43726;41.894;-1;1;Motociclo a solo;In marcia / fermata / arresto;Conducente;M;Rifiuta cure immediate;0;NON DECEDUTO;Non accertato;
2933637;6;17/08/2016 18:00;Strada Urbana;LARGO PRENESTE;da specificare;;;;f.c. 57;Scontro laterale fra veicoli in marcia;Rettilineo;Più di due carreggiate;Asciutto;Asfaltata;Verticale ed orizzontale;Sereno;Scarso;Buona;Ore Diurne;0;0;0;4;12.54062;41.89254;-1;1;Autovettura privata;In marcia / fermata / arresto;Conducente;M;Illeso;0;;;
2933637;6;17/08/2016 18:00;Strada Urbana;LARGO PRENESTE;da specificare;;;;f.c. 57;Scontro laterale fra veicoli in marcia;Rettilineo;Più di due carreggiate;Asciutto;Asfaltata;Verticale ed orizzontale;Sereno;Scarso;Buona;Ore Diurne;0;0;0;4;12.54062;41.89254;-1;1;Autovettura privata;In marcia / fermata / arresto;Passeggero;F;Illeso;0;;;
2933637;6;17/08/2016 18:00;Strada Urbana;LARGO PRENESTE;da specificare;;;;f.c. 57;Scontro laterale fra veicoli in marcia;Rettilineo;Più di due carreggiate;Asciutto;Asfaltata;Verticale ed orizzontale;Sereno;Scarso;Buona;Ore Diurne;0;0;0;4;12.54062;41.89254;-1;2;Autovettura privata;In marcia / fermata / arresto;Conducente;M;Illeso;0;;;
2933637;6;17/08/2016 18:00;Strada Urbana;LARGO PRENESTE;da specificare;;;;f.c. 57;Scontro laterale fra veicoli in marcia;Rettilineo;Più di due carreggiate;Asciutto;Asfaltata;Verticale ed orizzontale;Sereno;Scarso;Buona;Ore Diurne;0;0;0;4;12.54062;41.89254;-1;2;Autovettura privata;In marcia / fermata / arresto;Passeggero;F;Illeso;0;;;
2933646;18;09/08/2016 14:45;Strada Urbana;VIA BALDO DEGLI UBALDI;in corrispondenza;;del civico n.;366;;Tamponamento Multiplo;Rettilineo;Due carreggiate;Asciutto;Asfaltata;Verticale ed orizzontale;Sereno;Normale;Buona;Ore Diurne;0;0;0;4;12.44063;41.90222;-1;1;Autocarro inferiore 35 q.;In marcia / fermata / arresto;Conducente;M;Illeso;0;;;
2933646;18;09/08/2016 14:45;Strada Urbana;VIA BALDO DEGLI UBALDI;in corrispondenza;;del civico n.;366;;Tamponamento Multiplo;Rettilineo;Due carreggiate;Asciutto;Asfaltata;Verticale ed orizzontale;Sereno;Normale;Buona;Ore Diurne;0;0;0;4;12.44063;41.90222;-1;1;Autocarro inferiore 35 q.;In marcia / fermata / arresto;Passeggero;M;Illeso;0;;Non accertato;Inesploso
2933646;18;09/08/2016 14:45;Strada Urbana;VIA BALDO DEGLI UBALDI;in corrispondenza;;del civico n.;366;;Tamponamento Multiplo;Rettilineo;Due carreggiate;Asciutto;Asfaltata;Verticale ed orizzontale;Sereno;Normale;Buona;Ore Diurne;0;0;0;4;12.44063;41.90222;-1;2;Autovettura pubblica;In marcia / fermata / arresto;Conducente;M;Illeso;0;;;
2933646;18;09/08/2016 14:45;Strada Urbana;VIA BALDO DEGLI UBALDI;in corrispondenza;;del civico n.;366;;Tamponamento Multiplo;Rettilineo;Due carreggiate;Asciutto;Asfaltata;Verticale ed orizzontale;Sereno;Normale;Buona;Ore Diurne;0;0;0;4;12.44063;41.90222;-1;3;Autovettura privata;In marcia / fermata / arresto;Conducente;F;Illeso;0;;;
2933650;18;17/08/2016 08:40;Strada Urbana;VIA FRANCESCO SAVERIO DE ZELADA;all'intersezione con;VIA GAETANO MAZZONI;VIA GAETANO MAZZONI;;;Investimento di pedone;Intersezione stradale segnalata;Una carreggiata a senso unico di marcia;Asciutto;Asfaltata;Verticale ed orizzontale;Sereno;Scarso;Buona;Ore Diurne;1;0;0;2;12.39152;41.90553;-1;;;;Pedone;M;Rimandato;0;NON DECEDUTO;;
2933650;18;17/08/2016 08:40;Strada Urbana;VIA FRANCESCO SAVERIO DE ZELADA;all'intersezione con;VIA GAETANO MAZZONI;VIA GAETANO MAZZONI;;;Investimento di pedone;Intersezione stradale segnalata;Una carreggiata a senso unico di marcia;Asciutto;Asfaltata;Verticale ed orizzontale;Sereno;Scarso;Buona;Ore Diurne;1;0;0;2;12.39152;41.90553;-1;1;Autovettura privata;In marcia / fermata / arresto;Conducente;M;Illeso;0;;Non accertato;Inesploso
2933650;18;17/08/2016 08:40;Strada Urbana;VIA FRANCESCO SAVERIO DE ZELADA;all'intersezione con;VIA GAETANO MAZZONI;VIA GAETANO MAZZONI;;;Investimento di pedone;Intersezione stradale segnalata;Una carreggiata a senso unico di marcia;Asciutto;Asfaltata;Verticale ed orizzontale;Sereno;Scarso;Buona;Ore Diurne;1;0;0;2;12.39152;41.90553;-1;1;Autovettura privata;In marcia / fermata / arresto;Passeggero;F;Illeso;0;;Non accertato;Inesploso
2933668;3;17/08/2016 17:00;Strada Urbana;VIA GASPARE PACCHIAROTTI;in prossimità;;del civico n.;32;;Veicolo in marcia contro veicolo in sosta;Rettilineo;Una carreggiata a doppio senso;Asciutto;Asfaltata;Verticale;Sereno;Scarso;Buona;Ore Diurne;0;0;0;2;12.51366;41.96334;-1;1;Autovettura di polizia;In marcia / fermata / arresto;Conducente;F;Illeso;0;;Non accertato;Inesploso
2933668;3;17/08/2016 17:00;Strada Urbana;VIA GASPARE PACCHIAROTTI;in prossimità;;del civico n.;32;;Veicolo in marcia contro veicolo in sosta;Rettilineo;Una carreggiata a doppio senso;Asciutto;Asfaltata;Verticale;Sereno;Scarso;Buona;Ore Diurne;0;0;0;2;12.51366;41.96334;-1;1;Autovettura di polizia;In marcia / fermata / arresto;Passeggero;M;Illeso;0;;Esente;Inesploso
2933670;17;17/08/2016 08:20;Strada Urbana;PIAZZA GIUSEPPE MAZZINI;in prossimità;;del civico n.;35;;Infortunio per sola frenata improvvisa;Rotatoria;Una carreggiata a senso unico di marcia;Asciutto;Asfaltata;Verticale ed orizzontale;Nuvoloso;Scarso;Buona;Ore Diurne;1;0;0;0;12.463;41.91624;-1;1;Motociclo a solo;In marcia / fermata / arresto;Conducente;M;Rimandato;0;NON DECEDUTO;Non accertato;
2933671;3;17/08/2016 17:50;Strada Urbana;VIA TIBURTINA;da specificare;;;;rampa immissione dir. portonaccio alt. crociate;Tamponamento;Pendenza;Una carreggiata a senso unico di marcia;Asciutto;Asfaltata;Verticale;Sereno;Scarso;Buona;Ore Diurne;0;0;0;2;12.52727;41.90861;-1;1;Autovettura privata;In marcia / fermata / arresto;Conducente;M;Illeso;0;;Non accertato;Inesploso
2933671;3;17/08/2016 17:50;Strada Urbana;VIA TIBURTINA;da specificare;;;;rampa immissione dir. portonaccio alt. crociate;Tamponamento;Pendenza;Una carreggiata a senso unico di marcia;Asciutto;Asfaltata;Verticale;Sereno;Scarso;Buona;Ore Diurne;0;0;0;2;12.52727;41.90861;-1;2;Autovettura privata;In marcia / fermata / arresto;Conducente;F;Illeso;0;;Non accertato;Inesploso