Protocollo;Gruppo;DataOraIncidente;Localizzazione1;STRADA1;Localizzazione2;STRADA2;Strada02;Chilometrica;DaSpecificare;NaturaIncidente;particolaritastrade;TipoStrada;FondoStradale;Pavimentazione;Segnaletica;CondizioneAtmosferica;Traffico;Visibilita;Illuminazione;NUM_FERITI;NUM_RISERVATA;NUM_MORTI;NUM_ILLESI;Longitudine;Latitudine;Confermato;Progressivo;TipoVeicolo;StatoVeicolo;TipoPersona;Sesso;Tipolesione;Deceduto;DecedutoDopo;CinturaCascoUtilizzato;Airbag
2933677;19;17/08/2016 17:50;Strada Urbana;VIALE DELLE MEDAGLIE D'ORO;in prossimità;;del civico n.;110;;Scontro laterale fra veicoli in marcia;Curva senza visuale libera;Una carreggiata a doppio senso;Asciutto;Asfaltata;Verticale ed orizzontale;Sereno;Scarso;Buona;Ore Diurne;0;0;0;3;12.44395;41.9125;-1;1;Autovettura privata;In marcia / fermata / arresto;Conducente;F;Illeso;0;;Non accertato;Inesploso
2933677;19;17/08/2016 17:50;Strada Urbana;VIALE DELLE MEDAGLIE D'ORO;in prossimità;;del civico n.;110;;Scontro laterale fra veicoli in marcia;Curva senza visuale libera;Una carreggiata a doppio senso;Asciutto;Asfaltata;Verticale ed orizzontale;Sereno;Scarso;Buona;Ore Diurne;0;0;0;3;12.44395;41.9125;-1;2;Autovettura privata;In marcia / fermata / arresto;Conducente;M;Illeso;0;;Non accertato;Inesploso
2933677;19;17/08/2016 17:50;Strada Urbana;VIALE DELLE MEDAGLIE D'ORO;in prossimità;;del civico n.;110;;Scontro laterale fra veicoli in marcia;Curva senza visuale libera;Una carreggiata a doppio senso;Asciutto;Asfaltata;Verticale ed orizzontale;Sereno;Scarso;Buona;Ore Diurne;0;0;0;3;12.44395;41.9125;-1;2;Autovettura privata;In marcia / fermata / arresto;Passeggero;F;Illeso;0;;Non accertato;Inesploso
2933678;3;17/08/2016 18:40;Strada Urbana;VIALE DI PORTA TIBURTINA;all'intersezione con;VIA DEI CAUDINI;VIA DEI CAUDINI;;;Scontro laterale fra veicoli in marcia;Intersezione stradale segnalata;Una carreggiata a senso unico di marcia;Asciutto;Asfaltata;Verticale ed orizzontale;Nuvoloso;Scarso;Buona;Ore Diurne;0;0;0;3;12.50972;41.89878;-1;1;Autovettura privata;In marcia / fermata / arresto;Conducente;F;Illeso;0;;Non accertato;Inesploso
2933678;3;17/08/2016 18:40;Strada Urbana;VIALE DI PORTA TIBURTINA;all'intersezione con;VIA DEI CAUDINI;VIA DEI CAUDINI;;;Scontro laterale fra veicoli in marcia;Intersezione stradale segnalata;Una carreggiata a senso unico di marcia;Asciutto;Asfaltata;Verticale ed orizzontale;Nuvoloso;Scarso;Buona;Ore Diurne;0;0;0;3;12.50972;41.89878;-1;1;Autovettura privata;In marcia / fermata / arresto;Passeggero;M;Illeso;0;;Non accertato;Inesploso
2933678;3;17/08/2016 18:40;Strada Urbana;VIALE DI PORTA TIBURTINA;all'intersezione con;VIA DEI CAUDINI;VIA DEI CAUDINI;;;Scontro laterale fra veicoli in marcia;Intersezione stradale segnalata;Una carreggiata a senso unico di marcia;Asciutto;Asfaltata;Verticale ed orizzontale;Nuvoloso;Scarso;Buona;Ore Diurne;0;0;0;3;12.50972;41.89878;-1;2;Autovettura privata;In marcia / fermata / arresto;Conducente;M;Illeso;0;;Non accertato;Inesploso
2933684;17;17/08/2016 17:00;Strada Urbana;VIALE VATICANO;in prossimità;;del civico n.;51F;;Ribaltamento senza urto contro ostacolo fisso;Rettilineo;Una carreggiata a doppio senso;Asciutto;Asfaltata;Verticale ed orizzontale;Sereno;Scarso;Buona;Ore Diurne;1;0;0;0;12.44809;41.9038;-1;1;Motociclo a solo;In marcia / fermata / arresto;Conducente;F;Rimandato;0;NON DECEDUTO;Non accertato;
2933694;4;17/08/2016 12:45;Statale;VIA SALARIA;in prossimità;;del civico n.;1531;;Tamponamento;Rettilineo;Due carreggiate;Asciutto;Asfaltata;Verticale ed orizzontale;Nuvoloso;Normale;Buona;Ore Diurne;2;0;0;2;12.5212;42.01397;-1;1;Autovettura privata;In marcia / fermata / arresto;Conducente;F;Illeso;0;;Non accertato;
2933694;4;17/08/2016 12:45;Statale;VIA SALARIA;in prossimità;;del civico n.;1531;;Tamponamento;Rettilineo;Due carreggiate;Asciutto;Asfaltata;Verticale ed orizzontale;Nuvoloso;Normale;Buona;Ore Diurne;2;0;0;2;12.5212;42.01397;-1;1;Autovettura privata;In marcia / fermata / arresto;Passeggero;F;Illeso;0;;Non accertato;
2933694;4;17/08/2016 12:45;Statale;VIA SALARIA;in prossimità;;del civico n.;1531;;Tamponamento;Rettilineo;Due carreggiate;Asciutto;Asfaltata;Verticale ed orizzontale;Nuvoloso;Normale;Buona;Ore Diurne;2;0;0;2;12.5212;42.01397;-1;2;Autovettura privata;In marcia / fermata / arresto;Conducente;M;Rifiuta cure immediate;0;NON DECEDUTO;Non accertato;
2933694;4;17/08/2016 12:45;Statale;VIA SALARIA;in prossimità;;del civico n.;1531;;Tamponamento;Rettilineo;Due carreggiate;Asciutto;Asfaltata;Verticale ed orizzontale;Nuvoloso;Normale;Buona;Ore Diurne;2;0;0;2;12.5212;42.01397;-1;2;Autovettura privata;In marcia / fermata / arresto;Passeggero;F;Rifiuta cure immediate;0;NON DECEDUTO;Non accertato;
2933704;7;17/08/2016 09:15;Strada Urbana;VIA COLLATINA;da specificare;;;;interno area distributore carburanti ENI;Tamponamento;Rettilineo;Una carreggiata a doppio senso;Asciutto;Asfaltata;Verticale ed orizzontale;Sereno;Normale;Buona;Ore Diurne;0;0;0;2;12.61294;41.90419;-1;1;Autovettura privata;In marcia / fermata / arresto;Conducente;M;Illeso;0;;Non accertato;Inesploso
2933704;7;17/08/2016 09:15;Strada Urbana;VIA COLLATINA;da specificare;;;;interno area distributore carburanti ENI;Tamponamento;Rettilineo;Una carreggiata a doppio senso;Asciutto;Asfaltata;Verticale ed orizzontale;Sereno;Normale;Buona;Ore Diurne;0;0;0;2;12.61294;41.90419;-1;2;Autovettura privata;In marcia / fermata / arresto;Conducente;M;Illeso;0;;Non accertato;Inesistente
2933714;17;17/08/2016 23:15;Strada Urbana;PIAZZA COLA DI RIENZO;in corrispondenza;;del civico n.;82a;;Investimento di pedone;Rettilineo;Una carreggiata a doppio senso;Asciutto;Asfaltata;Verticale ed orizzontale;Sereno;Scarso;Sufficiente;Sufficiente;1;0;0;1;12.46769;41.90837;-1;;;;Pedone;F;Rimandato;0;NON DECEDUTO;;
2933714;17;17/08/2016 23:15;Strada Urbana;PIAZZA COLA DI RIENZO;in corrispondenza;;del civico n.;82a;;Investimento di pedone;Rettilineo;Una carreggiata a doppio senso;Asciutto;Asfaltata;Verticale ed orizzontale;Sereno;Scarso;Sufficiente;Sufficiente;1;0;0;1;12.46769;41.90837;-1;1;Autovettura privata;In marcia / fermata / arresto;Conducente;M;Illeso;0;;Non accertato;Inesploso
2933775;2;18/08/2016 05:45;Strada Urbana;SOTTOVIA IGNAZIO GUIDI;da specificare;;;;oross. CORSO D'ITALIA fr. civ. 6;Veicolo in marcia contro ostacolo fisso;Rettilineo;Due carreggiate;Asciutto;Asfaltata;Verticale ed orizzontale;Sereno;Scarso;Buona;Ore Diurne;0;0;0;1;12.49182;41.9106;-1;1;Autovettura privata;In marcia / fermata / arresto;Conducente;M;Illeso;0;;;
2933778;2;17/08/2016 12:20;Strada Urbana;VIALE TIZIANO;all'intersezione con;PIAZZALE ANKARA;PIAZZALE ANKARA;;;Scontro frontale/laterale DX fra veicoli in marcia;Intersezione semaforizzata;Due carreggiate;Asciutto;Asfaltata;Verticale ed orizzontale;Nuvoloso;Normale;Buona;Ore Diurne;1;0;0;1;12.47157;41.92443;-1;1;Autovettura privata;In marcia / fermata / arresto;Conducente;M;Illeso;0;;;
2933778;2;17/08/2016 12:20;Strada Urbana;VIALE TIZIANO;all'intersezione con;PIAZZALE ANKARA;PIAZZALE ANKARA;;;Scontro frontale/laterale DX fra veicoli in marcia;Intersezione semaforizzata;Due carreggiate;Asciutto;Asfaltata;Verticale ed orizzontale;Nuvoloso;Normale;Buona;Ore Diurne;1;0;0;1;12.47157;41.92443;-1;2;Autovettura privata;In marcia / fermata / arresto;Conducente;M;Rimandato;0;NON DECEDUTO;;
2933779;2;17/08/2016 14:20;Strada Urbana;PIAZZA GIMMA;da specificare;;;;altezza SALITA POGGIO S. LORENZO;Scontro laterale fra veicoli in marcia;Rotatoria;Due carreggiate;Asciutto;Asfaltata;Verticale;Sereno;Scarso;Buona;Ore Diurne;0;0;0;4;12.51846;41.93041;-1;1;Autovettura privata;In marcia / fermata / arresto;Conducente;M;Illeso;0;;Non accertato;Inesploso
2933779;2;17/08/2016 14:20;Strada Urbana;PIAZZA GIMMA;da specificare;;;;altezza SALITA POGGIO S. LORENZO;Scontro laterale fra veicoli in marcia;Rotatoria;Due carreggiate;Asciutto;Asfaltata;Verticale;Sereno;Scarso;Buona;Ore Diurne;0;0;0;4;12.51846;41.93041;-1;1;Autovettura privata;In marcia / fermata / arresto;Passeggero;F;Illeso;0;;Non accertato;Inesploso
2933779;2;17/08/2016 14:20;Strada Urbana;PIAZZA GIMMA;da specificare;;;;altezza SALITA POGGIO S. LORENZO;Scontro laterale fra veicoli in marcia;Rotatoria;Due carreggiate;Asciutto;Asfaltata;Verticale;Sereno;Scarso;Buona;Ore Diurne;0;0;0;4;12.51846;41.93041;-1;1;Autovettura privata;In marcia / fermata / arresto;Passeggero;F;Illeso;0;;Non accertato;Inesploso
2933779;2;17/08/2016 14:20;Strada Urbana;PIAZZA GIMMA;da specificare;;;;altezza SALITA POGGIO S. LORENZO;Scontro laterale fra veicoli in marcia;Rotatoria;Due carreggiate;Asciutto;Asfaltata;Verticale;Sereno;Scarso;Buona;Ore Diurne;0;0;0;4;12.51846;41.93041;-1;2;Macchina operatrice;In marcia / fermata / arresto;Conducente;M;Illeso;0;;Non accertato;Inesploso
2933886;6;18/08/2016 09:30;Strada Urbana;VIA PRENESTINA;da specificare;;;;laterale civico 380;Scontro frontale/laterale DX fra veicoli in marcia;Rettilineo;Più di due carreggiate;Asciutto;Asfaltata;Verticale ed orizzontale;Sereno;Normale;Buona;Ore Diurne;2;0;0;2;12.5584;41.89473;-1;1;Autovettura privata;In marcia / fermata / arresto;Conducente;M;Rimandato;0;NON DECEDUTO;Non accertato;Inesploso
2933886;6;18/08/2016 09:30;Strada Urbana;VIA PRENESTINA;da specificare;;;;laterale civico 380;Scontro frontale/laterale DX fra veicoli in marcia;Rettilineo;Più di due carreggiate;Asciutto;Asfaltata;Verticale ed orizzontale;Sereno;Normale;Buona;Ore Diurne;2;0;0;2;12.5584;41.89473;-1;1;Autovettura privata;In marcia / fermata / arresto;Passeggero;M;Illeso;0;;;
2933886;6;18/08/2016 09:30;Strada Urbana;VIA PRENESTINA;da specificare;;;;laterale civico 380;Scontro frontale/laterale DX fra veicoli in marcia;Rettilineo;Più di due carreggiate;Asciutto;Asfaltata;Verticale ed orizzontale;Sereno;Normale;Buona;Ore Diurne;2;0;0;2;12.5584;41.89473;-1;1;Autovettura privata;In marcia / fermata / arresto;Passeggero;M;Rifiuta cure immediate;0;NON DECEDUTO;Non accertato;Inesploso
2933886;6;18/08/2016 09:30;Strada Urbana;VIA PRENESTINA;da specificare;;;;laterale civico 380;Scontro frontale/laterale DX fra veicoli in marcia;Rettilineo;Più di due carreggiate;Asciutto;Asfaltata;Verticale ed orizzontale;Sereno;Normale;Buona;Ore Diurne;2;0;0;2;12.5584;41.89473;-1;2;Autovettura privata;In marcia / fermata / arresto;Conducente;M;Illeso;0;;Non accertato;Inesploso
2934085;19;18/08/2016 14:00;Strada Urbana;VIA DI S. MARIA DI GALERIA;in prossimità;;del civico n.;471a;;Veicolo in marcia contro ostacolo accidentale;Rettilineo;Una carreggiata a doppio senso;Asciutto;Asfaltata;Assente;Sereno;Scarso;Buona;Ore Diurne;0;0;0;3;12.31445;42.00036;-1;1;Autocarro inferiore 35 q.;In marcia / fermata / arresto;Conducente;M;Illeso;0;;;
2934085;19;18/08/2016 14:00;Strada Urbana;VIA DI S. MARIA DI GALERIA;in prossimità;;del civico n.;471a;;Veicolo in marcia contro ostacolo accidentale;Rettilineo;Una carreggiata a doppio senso;Asciutto;Asfaltata;Assente;Sereno;Scarso;Buona;Ore Diurne;0;0;0;3;12.31445;42.00036;-1;1;Autocarro inferiore 35 q.;In marcia / fermata / arresto;Passeggero;M;Illeso;0;;;
2934085;19;18/08/2016 14:00;Strada Urbana;VIA DI S. MARIA DI GALERIA;in prossimità;;del civico n.;471a;;Veicolo in marcia contro ostacolo accidentale;Rettilineo;Una carreggiata a doppio senso;Asciutto;Asfaltata;Assente;Sereno;Scarso;Buona;Ore Diurne;0;0;0;3;12.31445;42.00036;-1;1;Autocarro inferiore 35 q.;In marcia / fermata / arresto;Passeggero;M;Illeso;0;;;
2934100;6;18/08/2016 15:00;Strada Urbana;VIALE DELLA VENEZIA GIULIA;all'intersezione con;VIA ROVIGNO D'ISTRIA;VIA ROVIGNO D'ISTRIA;;;Scontro frontale fra veicoli in marcia;Incrocio;Una carreggiata a doppio senso;Asciutto;Asfaltata;Orizzontale;Sereno;Scarso;Buona;Ore Diurne;0;1;0;1;12.55638;41.89641;-1;1;Motociclo a solo;In marcia / fermata / arresto;Conducente;M;Prognosi riservata;0;NON DECEDUTO;Non accertato;
2934100;6;18/08/2016 15:00;Strada Urbana;VIALE DELLA VENEZIA GIULIA;all'intersezione con;VIA ROVIGNO D'ISTRIA;VIA ROVIGNO D'ISTRIA;;;Scontro frontale fra veicoli in marcia;Incrocio;Una carreggiata a doppio senso;Asciutto;Asfaltata;Orizzontale;Sereno;Scarso;Buona;Ore Diurne;0;1;0;1;12.55638;41.89641;-1;2;Autovettura privata;In marcia / fermata / arresto;Conducente;M;Illeso;0;;Non accertato;Inesploso
2934137;11;18/08/2016 15:55;Strada Urbana;VIA OSTIENSE;all'intersezione semaforizzata con;VIA DEL PORTO FLUVIALE;VIA DEL PORTO FLUVIALE;;;Scontro frontale/laterale DX fra veicoli in marcia;Intersezione semaforizzata;Più di due carreggiate;Asciutto;Asfaltata;Verticale ed orizzontale;Sereno;Normale;Buona;Ore Diurne;0;0;0;2;12.48002;41.8724;-1;1;Autovettura privata;In marcia / fermata / arresto;Conducente;F;Illeso;0;;Non accertato;Esploso
2934137;11;18/08/2016 15:55;Strada Urbana;VIA OSTIENSE;all'intersezione semaforizzata con;VIA DEL PORTO FLUVIALE;VIA DEL PORTO FLUVIALE;;;Scontro frontale/laterale DX fra veicoli in marcia;Intersezione semaforizzata;Più di due carreggiate;Asciutto;Asfaltata;Verticale ed orizzontale;Sereno;Normale;Buona;Ore Diurne;0;0;0;2;12.48002;41.8724;-1;2;Autocarro inferiore 35 q.;In marcia / fermata / arresto;Conducente;M;Illeso;0;;Non accertato;
2934144;1;18/08/2016 13:30;Strada Urbana;VIA DI S. BARTOLOMEO DE' VACCINARI;all'intersezione con;PIAZZA DELLE CINQUE SCOLE;PIAZZA DELLE CINQUE SCOLE;;;Tamponamento;Incrocio;Una carreggiata a doppio senso;Asciutto;Acciotolata;Verticale ed orizzontale;Sereno;Scarso;Buona;Ore Diurne;0;0;0;3;12.47556;41.89226;-1;1;Autovettura privata;In marcia / fermata / arresto;Conducente;M;Illeso;0;;;
2934144;1;18/08/2016 13:30;Strada Urbana;VIA DI S. BARTOLOMEO DE' VACCINARI;all'intersezione con;PIAZZA DELLE CINQUE SCOLE;PIAZZA DELLE CINQUE SCOLE;;;Tamponamento;Incrocio;Una carreggiata a doppio senso;Asciutto;Acciotolata;Verticale ed orizzontale;Sereno;Scarso;Buona;Ore Diurne;0;0;0;3;12.47556;41.89226;-1;2;Autovettura di polizia;In marcia / fermata / arresto;Conducente;M;Illeso;0;;;
2934144;1;18/08/2016 13:30;Strada Urbana;VIA DI S. BARTOLOMEO DE' VACCINARI;all'intersezione con;PIAZZA DELLE CINQUE SCOLE;PIAZZA DELLE CINQUE SCOLE;;;Tamponamento;Incrocio;Una carreggiata a doppio senso;Asciutto;Acciotolata;Verticale ed orizzontale;Sereno;Scarso;Buona;Ore Diurne;0;0;0;3;12.47556;41.89226;-1;2;Autovettura di polizia;In marcia / fermata / arresto;Passeggero;M;Illeso;0;;;
2934177;23;12/08/2016 10:15;Strada Urbana;VIA ERMANNO WOLF FERRARI;in prossimità;;del palo luce n.;3;;Scontro frontale/laterale DX fra veicoli in marcia;Rettilineo;Una carreggiata a doppio senso;Asciutto;Asfaltata;Verticale ed orizzontale;Sereno;Normale;Buona;Ore Diurne;2;0;0;1;12.37794;41.74817;-1;1;Autovettura privata;In marcia / fermata / arresto;Conducente;F;Illeso;0;;Utilizzato;Inesploso
2934177;23;12/08/2016 10:15;Strada Urbana;VIA ERMANNO WOLF FERRARI;in prossimità;;del palo luce n.;3;;Scontro frontale/laterale DX fra veicoli in marcia;Rettilineo;Una carreggiata a doppio senso;Asciutto;Asfaltata;Verticale ed orizzontale;Sereno;Normale;Buona;Ore Diurne;2;0;0;1;12.37794;41.74817;-1;2;Autovettura privata;In marcia / fermata / arresto;Conducente;F;Rifiuta cure immediate;0;NON DECEDUTO;Non accertato;Inesploso
2934177;23;12/08/2016 10:15;Strada Urbana;VIA ERMANNO WOLF FERRARI;in prossimità;;del palo luce n.;3;;Scontro frontale/laterale DX fra veicoli in marcia;Rettilineo;Una carreggiata a doppio senso;Asciutto;Asfaltata;Verticale ed orizzontale;Sereno;Normale;Buona;Ore Diurne;2;0;0;1;12.37794;41.74817;-1;2;Autovettura privata;In marcia / fermata / arresto;Passeggero;M;Rimandato;0;NON DECEDUTO;Non accertato;Inesploso
2934193;23;16/08/2016 15:40;Strada Urbana;PIAZZALE CRISTOFORO COLOMBO;da specificare;;;;in prossimità del marciapiede lato mare-rotonda;Scontro laterale fra veicoli in marcia;Rotatoria;Più di due carreggiate;Asciutto;Asfaltata;Verticale ed orizzontale;Sereno;Scarso;Buona;Ore Diurne;0;0;0;2;12.42449;41.78815;-1;1;Autovettura privata;In marcia / fermata / arresto;Conducente;M;Illeso;0;;Non accertato;Inesploso
2934193;23;16/08/2016 15:40;Strada Urbana;PIAZZALE CRISTOFORO COLOMBO;da specificare;;;;in prossimità del marciapiede lato mare-rotonda;Scontro laterale fra veicoli in marcia;Rotatoria;Più di due carreggiate;Asciutto;Asfaltata;Verticale ed orizzontale;Sereno;Scarso;Buona;Ore Diurne;0;0;0;2;12.42449;41.78815;-1;2;Autovettura privata;In marcia / fermata / arresto;Conducente;M;Illeso;0;;Non accertato;Inesploso
2934233;13;18/08/2016 05:00;Strada Urbana;VIALE DEI ROMAGNOLI;da specificare;;;;ALT.IMMISSIONE VIA DI TOR BOACCIANA;Scontro frontale fra veicoli in marcia;Curva senza visuale libera;Una carreggiata a senso unico di marcia;Bagnato (umidità in atto);Asfaltata;Verticale ed orizzontale;Sereno;Scarso;Buona;Ore Diurne;2;0;0;0;12.32241;41.76913;-1;1;Autovettura privata;In marcia / fermata / arresto;Conducente;F;Rimandato;0;NON DECEDUTO;Non accertato;Inesploso
2934233;13;18/08/2016 05:00;Strada Urbana;VIALE DEI ROMAGNOLI;da specificare;;;;ALT.IMMISSIONE VIA DI TOR BOACCIANA;Scontro frontale fra veicoli in marcia;Curva senza visuale libera;Una carreggiata a senso unico di marcia;Bagnato (umidità in atto);Asfaltata;Verticale ed orizzontale;Sereno;Scarso;Buona;Ore Diurne;2;0;0;0;12.32241;41.76913;-1;2;Autovettura privata;In marcia / fermata / arresto;Conducente;M;Rimandato;0;NON DECEDUTO;Non accertato;Inesploso
2934234;8;18/08/2016 18:00;Statale entro l'abitato;VIA CASILINA;in prossimità;;del civico n.;1750L;;Tamponamento Multiplo;Rettilineo;Una carreggiata a doppio senso;Asciutto;Asfaltata;Verticale ed orizzontale;Sereno;Normale;Buona;Ore Diurne;1;0;0;3;12.66552;41.86413;-1;1;Autovettura privata;In marcia / fermata / arresto;Conducente;M;Illeso;0;;Non accertato;Inesploso
2934234;8;18/08/2016 18:00;Statale entro l'abitato;VIA CASILINA;in prossimità;;del civico n.;1750L;;Tamponamento Multiplo;Rettilineo;Una carreggiata a doppio senso;Asciutto;Asfaltata;Verticale ed orizzontale;Sereno;Normale;Buona;Ore Diurne;1;0;0;3;12.66552;41.86413;-1;2;Autovettura privata;In marcia / fermata / arresto;Conducente;M;Illeso;0;;Non accertato;Inesploso
2934234;8;18/08/2016 18:00;Statale entro l'abitato;VIA CASILINA;in prossimità;;del civico n.;1750L;;Tamponamento Multiplo;Rettilineo;Una carreggiata a doppio senso;Asciutto;Asfaltata;Verticale ed orizzontale;Sereno;Normale;Buona;Ore Diurne;1;0;0;3;12.66552;41.86413;-1;2;Autovettura privata;In marcia / fermata / arresto;Passeggero;F;Rimandato;0;NON DECEDUTO;Non accertato;Inesploso
2934234;8;18/08/2016 18:00;Statale entro l'abitato;VIA CASILINA;in prossimità;;del civico n.;1750L;;Tamponamento Multiplo;Rettilineo;Una carreggiata a doppio senso;Asciutto;Asfaltata;Verticale ed orizzontale;Sereno;Normale;Buona;Ore Diurne;1;0;0;3;12.66552;41.86413;-1;3;Autovettura privata;In marcia / fermata / arresto;Conducente;M;Illeso;0;;Non accertato;Inesploso
2934239;8;18/08/2016 12:30;Strada Urbana;VIA DI TOR BELLA MONACA;in prossimità;;del palo luce n.;35;;Veicolo in marcia contro ostacolo accidentale;Curva a visuale libera;Due carreggiate;Asciutto;Asfaltata;Verticale ed orizzontale;Sereno;Normale;Buona;Ore Diurne;0;0;0;2;12.62375;41.87848;-1;1;Autovettura privata;In marcia / fermata / arresto;Conducente;F;Illeso;0;;Non accertato;Inesploso
2934239;8;18/08/2016 12:30;Strada Urbana;VIA DI TOR BELLA MONACA;in prossimità;;del palo luce n.;35;;Veicolo in marcia contro ostacolo accidentale;Curva a visuale libera;Due carreggiate;Asciutto;Asfaltata;Verticale ed orizzontale;Sereno;Normale;Buona;Ore Diurne;0;0;0;2;12.62375;41.87848;-1;1;Autovettura privata;In marcia / fermata / arresto;Passeggero;F;Illeso;0;;Non accertato;Inesploso
2934241;8;18/08/2016 17:00;Strada Urbana;VIALE DI TORRE MAURA;in prossimità;;del palo luce n.;2;;Veicolo in marcia contro ostacolo accidentale;Rettilineo;Due carreggiate;Asciutto;Asfaltata;Verticale ed orizzontale;Sereno;Normale;Buona;Ore Diurne;0;0;0;2;12.59221;41.8602;-1;1;Autovettura privata;In marcia / fermata / arresto;Conducente;M;Illeso;0;;Non accertato;Inesploso
2934241;8;18/08/2016 17:00;Strada Urbana;VIALE DI TORRE MAURA;in prossimità;;del palo luce n.;2;;Veicolo in marcia contro ostacolo accidentale;Rettilineo;Due carreggiate;Asciutto;Asfaltata;Verticale ed orizzontale;Sereno;Normale;Buona;Ore Diurne;0;0;0;2;12.59221;41.8602;-1;1;Autovettura privata;In marcia / fermata / arresto;Passeggero;M;Illeso;0;;Non accertato;Inesploso
2934243;8;18/08/2016 18:00;Strada Urbana;VIA DI TOR BELLA MONACA;in prossimità;;del palo luce n.;35;;Veicolo in marcia contro ostacolo accidentale;Rettilineo;Due carreggiate;Asciutto;Asfaltata;Verticale ed orizzontale;Sereno;Normale;Buona;Ore Diurne;0;0;0;1;12.62546;41.87779;-1;1;Autovettura privata;In marcia / fermata / arresto;Conducente;M;Illeso;0;;Non accertato;Inesploso
2934340;15;18/08/2016 15:35;Strada Urbana;VIALE ISACCO NEWTON;da specificare;;;;300 mt.prima dell'imbocco rampa V.Imbrecciato;Scontro frontale/laterale DX fra veicoli in marcia;Rettilineo;Due carreggiate;Asciutto;Asfaltata;Verticale ed orizzontale;Sereno;Scarso;Buona;Ore Diurne;0;0;0;4;12.44235;41.84874;-1;1;Autovettura privata;In marcia / fermata / arresto;Conducente;F;Illeso;0;;;
2934340;15;18/08/2016 15:35;Strada Urbana;VIALE ISACCO NEWTON;da specificare;;;;300 mt.prima dell'imbocco rampa V.Imbrecciato;Scontro frontale/laterale DX fra veicoli in marcia;Rettilineo;Due carreggiate;Asciutto;Asfaltata;Verticale ed orizzontale;Sereno;Scarso;Buona;Ore Diurne;0;0;0;4;12.44235;41.84874;-1;1;Autovettura privata;In marcia / fermata / arresto;Passeggero;M;Illeso;0;;;
2934340;15;18/08/2016 15:35;Strada Urbana;VIALE ISACCO NEWTON;da specificare;;;;300 mt.prima dell'imbocco rampa V.Imbrecciato;Scontro frontale/laterale DX fra veicoli in marcia;Rettilineo;Due carreggiate;Asciutto;Asfaltata;Verticale ed orizzontale;Sereno;Scarso;Buona;Ore Diurne;0;0;0;4;12.44235;41.84874;-1;1;Autovettura privata;In marcia / fermata / arresto;Passeggero;M;Illeso;0;;;
2934340;15;18/08/2016 15:35;Strada Urbana;VIALE ISACCO NEWTON;da specificare;;;;300 mt.prima dell'imbocco rampa V.Imbrecciato;Scontro frontale/laterale DX fra veicoli in marcia;Rettilineo;Due carreggiate;Asciutto;Asfaltata;Verticale ed orizzontale;Sereno;Scarso;Buona;Ore Diurne;0;0;0;4;12.44235;41.84874;-1;2;Autocarro inferiore 35 q.;In marcia / fermata / arresto;Conducente;M;Illeso;0;;;
2934342;15;18/08/2016 20:15;Strada Urbana;VIA PORTUENSE;all'intersezione con;VIA GIOVANNI VOLPATO;VIA GIOVANNI VOLPATO;;;Scontro frontale/laterale DX fra veicoli in marcia;Incrocio;Una carreggiata a doppio senso;Asciutto;Asfaltata;Orizzontale;Sereno;Scarso;Sufficiente;Sufficiente;1;0;0;1;12.40847;41.84322;-1;1;Autovettura privata;In marcia / fermata / arresto;Conducente;M;Illeso;0;;;
2934342;15;18/08/2016 20:15;Strada Urbana;VIA PORTUENSE;all'intersezione con;VIA GIOVANNI VOLPATO;VIA GIOVANNI VOLPATO;;;Scontro frontale/laterale DX fra veicoli in marcia;Incrocio;Una carreggiata a doppio senso;Asciutto;Asfaltata;Orizzontale;Sereno;Scarso;Sufficiente;Sufficiente;1;0;0;1;12.40847;41.84322;-1;2;Motociclo a solo;In marcia / fermata / arresto;Conducente;M;Rimandato;0;NON DECEDUTO;;
2934357;11;18/08/2016 16:15;Strada Urbana;VIA ANDREA MANTEGNA;in corrispondenza;;del civico n.;31;;Veicolo in marcia contro veicolo in sosta;Rettilineo;Più di due carreggiate;Asciutto;Asfaltata;Verticale ed orizzontale;Sereno;Scarso;Buona;Ore Diurne;0;0;0;1;12.49358;41.85177;-1;2;Autovettura privata;In marcia / fermata / arresto;Conducente;F;Illeso;0;;Non accertato;
2934360;11;18/08/2016 19:30;Strada Urbana;VIALE DEL CAMPO BOARIO;in corrispondenza;;del civico n.;3;;Infortunio per caduta del veicolo;Curva a visuale libera;Una carreggiata a doppio senso;Viscido da liquidi oleosi;In cubetti di porfido;Verticale ed orizzontale;Sereno;Normale;Buona;Ore Diurne;1;0;0;0;12.48019;41.87583;-1;1;Motociclo a solo;In marcia / fermata / arresto;Conducente;M;Rifiuta cure immediate;0;NON DECEDUTO;Non accertato;
2934362;5;18/08/2016 07:00;Strada Urbana;VIA DI PIETRALATA;in prossimità;;del civico n.;160;;Veicolo in marcia contro ostacolo fisso;Curva senza visuale libera;Una carreggiata a doppio senso;Bagnato (umidità in atto);Asfaltata;Assente;Sereno;Scarso;Buona;Ore Diurne;1;0;0;0;12.54105;41.92533;-1;1;Autovettura privata;In marcia / fermata / arresto;Conducente;F;Rimandato;0;NON DECEDUTO;Non accertato;Esploso
2934376;5;18/08/2016 15:00;Strada Urbana;VIALE DELLA SERENISSIMA;da specificare;;;;direzione Prenestina svincolo inversione di marcia;Scontro laterale fra veicoli in marcia;Rettilineo;Due carreggiate;Asciutto;Asfaltata;Orizzontale;Sereno;Normale;Buona;Ore Diurne;0;0;0;3;12.55708;41.90191;-1;1;Autovettura privata;In marcia / fermata / arresto;Conducente;F;Illeso;0;;;