Protocollo;Gruppo;DataOraIncidente;Localizzazione1;STRADA1;Localizzazione2;STRADA2;Strada02;Chilometrica;DaSpecificare;NaturaIncidente;particolaritastrade;TipoStrada;FondoStradale;Pavimentazione;Segnaletica;CondizioneAtmosferica;Traffico;Visibilita;Illuminazione;NUM_FERITI;NUM_RISERVATA;NUM_MORTI;NUM_ILLESI;Longitudine;Latitudine;Confermato;Progressivo;TipoVeicolo;StatoVeicolo;TipoPersona;Sesso;Tipolesione;Deceduto;DecedutoDopo;CinturaCascoUtilizzato;Airbag
2934711;10;19/08/2016 15:20;Strada Urbana;LARGO DEI CADUTI DI EL ALAMEIN;da specificare;;;;alt. via E. giulioli;Veicolo in marcia contro veicolo in sosta;Curva senza visuale libera;Una carreggiata a doppio senso;Asciutto;Asfaltata;Verticale ed orizzontale;Sereno;Scarso;Buona;Ore Diurne;0;0;0;3;12.57777;41.84926;-1;1;Autovettura privata;In marcia / fermata / arresto;Passeggero;F;Illeso;0;;Non accertato;Inesploso
2934711;10;19/08/2016 15:20;Strada Urbana;LARGO DEI CADUTI DI EL ALAMEIN;da specificare;;;;alt. via E. giulioli;Veicolo in marcia contro veicolo in sosta;Curva senza visuale libera;Una carreggiata a doppio senso;Asciutto;Asfaltata;Verticale ed orizzontale;Sereno;Scarso;Buona;Ore Diurne;0;0;0;3;12.57777;41.84926;-1;1;Autovettura privata;In marcia / fermata / arresto;Passeggero;M;Illeso;0;;Non accertato;Inesploso
2934756;12;18/08/2016 22:40;Regionale entro l'abitato;VIA PONTINA;da specificare;;;;altezza G.R.A.;Veicolo in marcia contro ostacolo accidentale;Rettilineo;Due carreggiate;Asciutto;Asfaltata;Verticale ed orizzontale;Sereno;Scarso;Insufficiente;Inesistente;0;0;0;2;12.45106;41.79235;-1;1;Autovettura privata;In marcia / fermata / arresto;Conducente;M;Illeso;0;;Utilizzato;Inesploso
2934756;12;18/08/2016 22:40;Regionale entro l'abitato;VIA PONTINA;da specificare;;;;altezza G.R.A.;Veicolo in marcia contro ostacolo accidentale;Rettilineo;Due carreggiate;Asciutto;Asfaltata;Verticale ed orizzontale;Sereno;Scarso;Insufficiente;Inesistente;0;0;0;2;12.45106;41.79235;-1;1;Autovettura privata;In marcia / fermata / arresto;Passeggero;F;Illeso;0;;Utilizzato;Inesploso
2934830;15;19/08/2016 14:30;Strada Urbana;VIA DELLA PISANA;in prossimità;;del civico n.;483;;Scontro frontale/laterale SX fra veicoli in marcia;Rettilineo;Una carreggiata a doppio senso;Asciutto;Asfaltata;Assente;Sereno;Scarso;Buona;Ore Diurne;0;0;0;3;12.39798;41.85774;-1;1;Autovettura privata;In marcia / fermata / arresto;Conducente;M;Illeso;0;;Utilizzato;Inesploso
2934830;15;19/08/2016 14:30;Strada Urbana;VIA DELLA PISANA;in prossimità;;del civico n.;483;;Scontro frontale/laterale SX fra veicoli in marcia;Rettilineo;Una carreggiata a doppio senso;Asciutto;Asfaltata;Assente;Sereno;Scarso;Buona;Ore Diurne;0;0;0;3;12.39798;41.85774;-1;2;Autovettura privata;In marcia / fermata / arresto;Conducente;M;Illeso;0;;Utilizzato;Inesploso
2934830;15;19/08/2016 14:30;Strada Urbana;VIA DELLA PISANA;in prossimità;;del civico n.;483;;Scontro frontale/laterale SX fra veicoli in marcia;Rettilineo;Una carreggiata a doppio senso;Asciutto;Asfaltata;Assente;Sereno;Scarso;Buona;Ore Diurne;0;0;0;3;12.39798;41.85774;-1;2;Autovettura privata;In marcia / fermata / arresto;Passeggero;F;Illeso;0;;Utilizzato;Inesploso
2934872;9;19/08/2016 19:25;Strada Urbana;VIALE MARCO FULVIO NOBILIORE;all'intersezione con;VIA GIUSEPPE SALVIOLI;VIA GIUSEPPE SALVIOLI;;;Scontro frontale/laterale SX fra veicoli in marcia;Incrocio;Due carreggiate;Asciutto;Asfaltata;Verticale ed orizzontale;Sereno;Normale;Buona;Ore Diurne;1;0;0;5;12.56498;41.85959;-1;1;Autovettura privata;In marcia / fermata / arresto;Conducente;F;Illeso;0;;Utilizzato;Esploso
2934872;9;19/08/2016 19:25;Strada Urbana;VIALE MARCO FULVIO NOBILIORE;all'intersezione con;VIA GIUSEPPE SALVIOLI;VIA GIUSEPPE SALVIOLI;;;Scontro frontale/laterale SX fra veicoli in marcia;Incrocio;Due carreggiate;Asciutto;Asfaltata;Verticale ed orizzontale;Sereno;Normale;Buona;Ore Diurne;1;0;0;5;12.56498;41.85959;-1;1;Autovettura privata;In marcia / fermata / arresto;Passeggero;M;Illeso;0;;Utilizzato;Inesploso
2934872;9;19/08/2016 19:25;Strada Urbana;VIALE MARCO FULVIO NOBILIORE;all'intersezione con;VIA GIUSEPPE SALVIOLI;VIA GIUSEPPE SALVIOLI;;;Scontro frontale/laterale SX fra veicoli in marcia;Incrocio;Due carreggiate;Asciutto;Asfaltata;Verticale ed orizzontale;Sereno;Normale;Buona;Ore Diurne;1;0;0;5;12.56498;41.85959;-1;1;Autovettura privata;In marcia / fermata / arresto;Passeggero;F;Illeso;0;;Utilizzato;Inesploso
2934872;9;19/08/2016 19:25;Strada Urbana;VIALE MARCO FULVIO NOBILIORE;all'intersezione con;VIA GIUSEPPE SALVIOLI;VIA GIUSEPPE SALVIOLI;;;Scontro frontale/laterale SX fra veicoli in marcia;Incrocio;Due carreggiate;Asciutto;Asfaltata;Verticale ed orizzontale;Sereno;Normale;Buona;Ore Diurne;1;0;0;5;12.56498;41.85959;-1;1;Autovettura privata;In marcia / fermata / arresto;Passeggero;F;Illeso;0;;Utilizzato;Inesploso
2934872;9;19/08/2016 19:25;Strada Urbana;VIALE MARCO FULVIO NOBILIORE;all'intersezione con;VIA GIUSEPPE SALVIOLI;VIA GIUSEPPE SALVIOLI;;;Scontro frontale/laterale SX fra veicoli in marcia;Incrocio;Due carreggiate;Asciutto;Asfaltata;Verticale ed orizzontale;Sereno;Normale;Buona;Ore Diurne;1;0;0;5;12.56498;41.85959;-1;2;Autovettura privata;In marcia / fermata / arresto;Conducente;M;Illeso;0;;Utilizzato;Inesploso
2934872;9;19/08/2016 19:25;Strada Urbana;VIALE MARCO FULVIO NOBILIORE;all'intersezione con;VIA GIUSEPPE SALVIOLI;VIA GIUSEPPE SALVIOLI;;;Scontro frontale/laterale SX fra veicoli in marcia;Incrocio;Due carreggiate;Asciutto;Asfaltata;Verticale ed orizzontale;Sereno;Normale;Buona;Ore Diurne;1;0;0;5;12.56498;41.85959;-1;2;Autovettura privata;In marcia / fermata / arresto;Passeggero;F;Rimandato;0;NON DECEDUTO;Utilizzato;Inesploso
2934963;13;19/08/2016 12:00;Strada Urbana;VIA DELLE ALGHE;all'intersezione con;VIA LORENZO NERUCCI;VIA LORENZO NERUCCI;;;Scontro frontale/laterale DX fra veicoli in marcia;Incrocio;Una carreggiata a doppio senso;Asciutto;Asfaltata;Verticale;Sereno;Scarso;Buona;Ore Diurne;0;0;0;3;12.3559;41.78735;-1;1;Autovettura di polizia;In marcia / fermata / arresto;Conducente;M;Illeso;0;;Non accertato;Inesploso
2934963;13;19/08/2016 12:00;Strada Urbana;VIA DELLE ALGHE;all'intersezione con;VIA LORENZO NERUCCI;VIA LORENZO NERUCCI;;;Scontro frontale/laterale DX fra veicoli in marcia;Incrocio;Una carreggiata a doppio senso;Asciutto;Asfaltata;Verticale;Sereno;Scarso;Buona;Ore Diurne;0;0;0;3;12.3559;41.78735;-1;1;Autovettura di polizia;In marcia / fermata / arresto;Passeggero;M;Illeso;0;;Non accertato;Inesploso
2934963;13;19/08/2016 12:00;Strada Urbana;VIA DELLE ALGHE;all'intersezione con;VIA LORENZO NERUCCI;VIA LORENZO NERUCCI;;;Scontro frontale/laterale DX fra veicoli in marcia;Incrocio;Una carreggiata a doppio senso;Asciutto;Asfaltata;Verticale;Sereno;Scarso;Buona;Ore Diurne;0;0;0;3;12.3559;41.78735;-1;2;Autovettura privata;In marcia / fermata / arresto;Conducente;F;Illeso;0;;Non accertato;Inesploso
2934964;13;19/08/2016 20:30;Strada Urbana;VIALE PRASSILLA;in corrispondenza;;del civico n.;70;;Scontro frontale/laterale SX fra veicoli in marcia;Rettilineo;Due carreggiate;Asciutto;Asfaltata;Verticale;Sereno;Normale;Buona;Ore Diurne;1;0;0;1;12.35634;41.75119;-1;1;Autovettura privata;In marcia / fermata / arresto;Conducente;M;Illeso;0;;;
2934964;13;19/08/2016 20:30;Strada Urbana;VIALE PRASSILLA;in corrispondenza;;del civico n.;70;;Scontro frontale/laterale SX fra veicoli in marcia;Rettilineo;Due carreggiate;Asciutto;Asfaltata;Verticale;Sereno;Normale;Buona;Ore Diurne;1;0;0;1;12.35634;41.75119;-1;2;Autovettura privata;In marcia / fermata / arresto;Conducente;F;Rimandato;0;NON DECEDUTO;;
2934965;13;19/08/2016 19:40;Strada Urbana;VIA DOBBIACO;all'intersezione con;VIA LAVARONE;VIA LAVARONE;;;Scontro frontale/laterale SX fra veicoli in marcia;Incrocio;Una carreggiata a doppio senso;Asciutto;Asfaltata;Verticale;Sereno;Normale;Buona;Ore Diurne;4;0;0;2;12.38342;41.73858;-1;1;Autovettura privata;In marcia / fermata / arresto;Conducente;F;Rimandato;0;NON DECEDUTO;;
2934965;13;19/08/2016 19:40;Strada Urbana;VIA DOBBIACO;all'intersezione con;VIA LAVARONE;VIA LAVARONE;;;Scontro frontale/laterale SX fra veicoli in marcia;Incrocio;Una carreggiata a doppio senso;Asciutto;Asfaltata;Verticale;Sereno;Normale;Buona;Ore Diurne;4;0;0;2;12.38342;41.73858;-1;1;Autovettura privata;In marcia / fermata / arresto;Passeggero;M;Rimandato;0;NON DECEDUTO;Non utilizzato;
2934965;13;19/08/2016 19:40;Strada Urbana;VIA DOBBIACO;all'intersezione con;VIA LAVARONE;VIA LAVARONE;;;Scontro frontale/laterale SX fra veicoli in marcia;Incrocio;Una carreggiata a doppio senso;Asciutto;Asfaltata;Verticale;Sereno;Normale;Buona;Ore Diurne;4;0;0;2;12.38342;41.73858;-1;2;Autovettura privata;In marcia / fermata / arresto;Conducente;F;Rimandato;0;NON DECEDUTO;;
2934965;13;19/08/2016 19:40;Strada Urbana;VIA DOBBIACO;all'intersezione con;VIA LAVARONE;VIA LAVARONE;;;Scontro frontale/laterale SX fra veicoli in marcia;Incrocio;Una carreggiata a doppio senso;Asciutto;Asfaltata;Verticale;Sereno;Normale;Buona;Ore Diurne;4;0;0;2;12.38342;41.73858;-1;2;Autovettura privata;In marcia / fermata / arresto;Passeggero;F;Rimandato;0;NON DECEDUTO;Non accertato;
2934965;13;19/08/2016 19:40;Strada Urbana;VIA DOBBIACO;all'intersezione con;VIA LAVARONE;VIA LAVARONE;;;Scontro frontale/laterale SX fra veicoli in marcia;Incrocio;Una carreggiata a doppio senso;Asciutto;Asfaltata;Verticale;Sereno;Normale;Buona;Ore Diurne;4;0;0;2;12.38342;41.73858;-1;2;Autovettura privata;In marcia / fermata / arresto;Passeggero;M;Illeso;0;;Non accertato;
2934965;13;19/08/2016 19:40;Strada Urbana;VIA DOBBIACO;all'intersezione con;VIA LAVARONE;VIA LAVARONE;;;Scontro frontale/laterale SX fra veicoli in marcia;Incrocio;Una carreggiata a doppio senso;Asciutto;Asfaltata;Verticale;Sereno;Normale;Buona;Ore Diurne;4;0;0;2;12.38342;41.73858;-1;2;Autovettura privata;In marcia / fermata / arresto;Passeggero;M;Illeso;0;;Non utilizzato;
2934966;13;19/08/2016 18:40;Strada Urbana;CORSO DUCA DI GENOVA;in corrispondenza;;del civico n.;131;;Scontro laterale fra veicoli in marcia;Rettilineo;Una carreggiata a doppio senso;Asciutto;Asfaltata;Verticale ed orizzontale;Sereno;Normale;Buona;Ore Diurne;0;0;0;2;12.27394;41.73313;-1;1;Autovettura privata;In marcia / fermata / arresto;Conducente;F;Illeso;0;;;
2934966;13;19/08/2016 18:40;Strada Urbana;CORSO DUCA DI GENOVA;in corrispondenza;;del civico n.;131;;Scontro laterale fra veicoli in marcia;Rettilineo;Una carreggiata a doppio senso;Asciutto;Asfaltata;Verticale ed orizzontale;Sereno;Normale;Buona;Ore Diurne;0;0;0;2;12.27394;41.73313;-1;2;Autovettura privata;In marcia / fermata / arresto;Conducente;M;Illeso;0;;;
2934967;13;19/08/2016 14:20;Strada Urbana;VIA DELL'IDROSCALO;in corrispondenza;;del civico n.;288;;Veicolo in marcia contro ostacolo fisso;Rettilineo;Una carreggiata a doppio senso;Asciutto;Asfaltata;Assente;Sereno;Normale;Buona;Ore Diurne;0;0;0;1;12.24124;41.74017;-1;1;Autocarro inferiore 35 q.;In marcia / fermata / arresto;Conducente;M;Illeso;0;;;
2934969;13;19/08/2016 13:00;Strada Urbana;VIA DELLE EBRIDI;all'intersezione con;VIA DELL'APPAGLIATORE;VIA DELL'APPAGLIATORE;;;Scontro frontale/laterale DX fra veicoli in marcia;Intersezione stradale segnalata;Una carreggiata a doppio senso;Asciutto;Asfaltata;Verticale ed orizzontale;Sereno;Normale;Buona;Ore Diurne;2;0;0;0;12.2619;41.73905;-1;1;Autovettura privata;In marcia / fermata / arresto;Conducente;F;Rimandato;0;NON DECEDUTO;;
2934969;13;19/08/2016 13:00;Strada Urbana;VIA DELLE EBRIDI;all'intersezione con;VIA DELL'APPAGLIATORE;VIA DELL'APPAGLIATORE;;;Scontro frontale/laterale DX fra veicoli in marcia;Intersezione stradale segnalata;Una carreggiata a doppio senso;Asciutto;Asfaltata;Verticale ed orizzontale;Sereno;Normale;Buona;Ore Diurne;2;0;0;0;12.2619;41.73905;-1;2;Autovettura privata;In marcia / fermata / arresto;Conducente;F;Rimandato;0;NON DECEDUTO;;
2934971;13;20/08/2016 00:05;Strada Urbana;VIALE DEI ROMAGNOLI;in prossimità;;del civico n.;2079;;Scontro laterale fra veicoli in marcia;Rettilineo;Una carreggiata a doppio senso;Asciutto;Asfaltata;Verticale ed orizzontale;Sereno;Scarso;Sufficiente;Sufficiente;0;0;0;2;12.35934;41.78382;-1;1;Autovettura privata;In marcia / fermata / arresto;Conducente;F;Illeso;0;;;
2934971;13;20/08/2016 00:05;Strada Urbana;VIALE DEI ROMAGNOLI;in prossimità;;del civico n.;2079;;Scontro laterale fra veicoli in marcia;Rettilineo;Una carreggiata a doppio senso;Asciutto;Asfaltata;Verticale ed orizzontale;Sereno;Scarso;Sufficiente;Sufficiente;0;0;0;2;12.35934;41.78382;-1;2;Autobus urbano;In marcia / fermata / arresto;Conducente;M;Illeso;0;;;
2935058;18;20/08/2016 07:30;Strada Urbana;VIA LEONE XIII;da specificare;;;;PROSSIMITA' INTERSEZIONE VIA LEONE DEHON;Veicolo in marcia contro ostacolo accidentale;Rettilineo;Due carreggiate;Asciutto;Asfaltata;Verticale ed orizzontale;Sereno;Scarso;Buona;Ore Diurne;0;0;0;1;12.43789;41.89204;-1;1;Motociclo a solo;In marcia / fermata / arresto;Conducente;M;Illeso;0;;;
2935087;19;20/08/2016 09:00;Strada Urbana;VIA FRATELLI GUALANDI;all'intersezione con;VIA OTTAVIO ASSAROTTI;VIA OTTAVIO ASSAROTTI;;;Scontro frontale/laterale DX fra veicoli in marcia;Incrocio;Una carreggiata a senso unico di marcia;Asciutto;Asfaltata;Verticale ed orizzontale;Sereno;Normale;Buona;Ore Diurne;0;0;0;3;12.42194;41.94258;-1;1;Autovettura privata;In marcia / fermata / arresto;Conducente;M;Illeso;0;;;
2935087;19;20/08/2016 09:00;Strada Urbana;VIA FRATELLI GUALANDI;all'intersezione con;VIA OTTAVIO ASSAROTTI;VIA OTTAVIO ASSAROTTI;;;Scontro frontale/laterale DX fra veicoli in marcia;Incrocio;Una carreggiata a senso unico di marcia;Asciutto;Asfaltata;Verticale ed orizzontale;Sereno;Normale;Buona;Ore Diurne;0;0;0;3;12.42194;41.94258;-1;1;Autovettura privata;In marcia / fermata / arresto;Passeggero;M;Illeso;0;;;
2935087;19;20/08/2016 09:00;Strada Urbana;VIA FRATELLI GUALANDI;all'intersezione con;VIA OTTAVIO ASSAROTTI;VIA OTTAVIO ASSAROTTI;;;Scontro frontale/laterale DX fra veicoli in marcia;Incrocio;Una carreggiata a senso unico di marcia;Asciutto;Asfaltata;Verticale ed orizzontale;Sereno;Normale;Buona;Ore Diurne;0;0;0;3;12.42194;41.94258;-1;2;Autovettura privata;In marcia / fermata / arresto;Conducente;F;Illeso;0;;;
2935138;8;18/08/2016 04:15;Statale entro l'abitato;VIA CASILINA;da specificare;;;;fronte palo Acea n° 615;Fuoriuscita dalla sede stradale;Pendenza;Una carreggiata a doppio senso;Asciutto;Asfaltata;Verticale ed orizzontale;Sereno;Scarso;Sufficiente;Sufficiente;1;0;0;0;12.60933;41.86405;-1;1;Autovettura privata;In marcia / fermata / arresto;Conducente;M;Rifiuta cure immediate;0;NON DECEDUTO;Non accertato;Inesploso
2935140;8;19/08/2016 07:30;Provinciale entro l'abitato;VIA PRENESTINA;in prossimità;;del civico n.;1182;;Scontro laterale fra veicoli in marcia;Rettilineo;Una carreggiata a doppio senso;Asciutto;Asfaltata;Orizzontale;Nuvoloso;Normale;Buona;Ore Diurne;1;0;0;1;12.6232;41.89277;-1;1;Autovettura privata;In marcia / fermata / arresto;Conducente;M;Illeso;0;;Non accertato;Inesploso
2935140;8;19/08/2016 07:30;Provinciale entro l'abitato;VIA PRENESTINA;in prossimità;;del civico n.;1182;;Scontro laterale fra veicoli in marcia;Rettilineo;Una carreggiata a doppio senso;Asciutto;Asfaltata;Orizzontale;Nuvoloso;Normale;Buona;Ore Diurne;1;0;0;1;12.6232;41.89277;-1;2;Motociclo a solo;In marcia / fermata / arresto;Conducente;M;Rimandato;0;NON DECEDUTO;Non accertato;
2935141;8;19/08/2016 09:50;Strada Urbana;VIA MARIO PASTORE;da specificare;;;;prox Via G. Marrazzo;Veicolo in marcia contro ostacolo accidentale;Rettilineo;Una carreggiata a senso unico di marcia;Asciutto;Asfaltata;Orizzontale;Nuvoloso;Scarso;Buona;Ore Diurne;0;0;0;2;12.60649;41.85071;-1;1;Autovettura privata;In marcia / fermata / arresto;Conducente;M;Illeso;0;;Non accertato;Inesploso
2935141;8;19/08/2016 09:50;Strada Urbana;VIA MARIO PASTORE;da specificare;;;;prox Via G. Marrazzo;Veicolo in marcia contro ostacolo accidentale;Rettilineo;Una carreggiata a senso unico di marcia;Asciutto;Asfaltata;Orizzontale;Nuvoloso;Scarso;Buona;Ore Diurne;0;0;0;2;12.60649;41.85071;-1;1;Autovettura privata;In marcia / fermata / arresto;Passeggero;F;Illeso;0;;Non accertato;Inesploso
2935143;8;19/08/2016 13:20;Strada Urbana;VIALE DUILIO CAMBELLOTTI;da specificare;;;;in prox. immissione Via Torraccio di Torrenova;Veicolo in marcia contro ostacolo accidentale;Rettilineo;Una carreggiata a senso unico di marcia;Asciutto;Con buche;Verticale ed orizzontale;Sereno;Scarso;Buona;Ore Diurne;0;0;0;3;12.62963;41.86736;-1;1;Autovettura privata;In marcia / fermata / arresto;Conducente;M;Illeso;0;;Non accertato;Inesploso
2935143;8;19/08/2016 13:20;Strada Urbana;VIALE DUILIO CAMBELLOTTI;da specificare;;;;in prox. immissione Via Torraccio di Torrenova;Veicolo in marcia contro ostacolo accidentale;Rettilineo;Una carreggiata a senso unico di marcia;Asciutto;Con buche;Verticale ed orizzontale;Sereno;Scarso;Buona;Ore Diurne;0;0;0;3;12.62963;41.86736;-1;1;Autovettura privata;In marcia / fermata / arresto;Passeggero;F;Illeso;0;;Non accertato;Inesploso
2935143;8;19/08/2016 13:20;Strada Urbana;VIALE DUILIO CAMBELLOTTI;da specificare;;;;in prox. immissione Via Torraccio di Torrenova;Veicolo in marcia contro ostacolo accidentale;Rettilineo;Una carreggiata a senso unico di marcia;Asciutto;Con buche;Verticale ed orizzontale;Sereno;Scarso;Buona;Ore Diurne;0;0;0;3;12.62963;41.86736;-1;1;Autovettura privata;In marcia / fermata / arresto;Passeggero;F;Illeso;0;;Non accertato;Inesploso
2935144;8;19/08/2016 14:35;Strada Urbana;VIA DI TOR BELLA MONACA;in prossimità;;del palo luce n.;35;;Veicolo in marcia contro ostacolo accidentale;Curva a visuale libera;Due carreggiate;Asciutto;Con buche;Verticale ed orizzontale;Sereno;Normale;Buona;Ore Diurne;0;0;0;3;12.62375;41.87848;-1;1;Autovettura privata;In marcia / fermata / arresto;Conducente;F;Illeso;0;;Non accertato;Inesploso
2935144;8;19/08/2016 14:35;Strada Urbana;VIA DI TOR BELLA MONACA;in prossimità;;del palo luce n.;35;;Veicolo in marcia contro ostacolo accidentale;Curva a visuale libera;Due carreggiate;Asciutto;Con buche;Verticale ed orizzontale;Sereno;Normale;Buona;Ore Diurne;0;0;0;3;12.62375;41.87848;-1;1;Autovettura privata;In marcia / fermata / arresto;Passeggero;M;Illeso;0;;Non accertato;Inesploso
2935144;8;19/08/2016 14:35;Strada Urbana;VIA DI TOR BELLA MONACA;in prossimità;;del palo luce n.;35;;Veicolo in marcia contro ostacolo accidentale;Curva a visuale libera;Due carreggiate;Asciutto;Con buche;Verticale ed orizzontale;Sereno;Normale;Buona;Ore Diurne;0;0;0;3;12.62375;41.87848;-1;1;Autovettura privata;In marcia / fermata / arresto;Passeggero;M;Illeso;0;;Non accertato;Inesploso
2935146;8;19/08/2016 22:30;Strada Urbana;VIA DI TOR BELLA MONACA;da specificare;;;;svincolo accesso dir.ne Via dell'Archeologia;Veicolo in marcia contro ostacolo accidentale;Rettilineo;Una carreggiata a senso unico di marcia;Asciutto;Asfaltata;Assente;Sereno;Normale;Buona;Insufficiente;0;0;0;2;12.62389;41.87842;-1;1;Autovettura privata;In marcia / fermata / arresto;Conducente;M;Illeso;0;;Non accertato;Inesploso
2935146;8;19/08/2016 22:30;Strada Urbana;VIA DI TOR BELLA MONACA;da specificare;;;;svincolo accesso dir.ne Via dell'Archeologia;Veicolo in marcia contro ostacolo accidentale;Rettilineo;Una carreggiata a senso unico di marcia;Asciutto;Asfaltata;Assente;Sereno;Normale;Buona;Insufficiente;0;0;0;2;12.62389;41.87842;-1;1;Autovettura privata;In marcia / fermata / arresto;Passeggero;M;Illeso;0;;Non accertato;Inesploso
2935151;8;20/08/2016 05:40;Strada Urbana;VIA DEL FOSSO DI S. MAURA;all'intersezione con;VIA DELLE RONDINI;VIA DELLE RONDINI;;;Tamponamento;Intersezione stradale segnalata;Una carreggiata a doppio senso;Asciutto;Asfaltata;Verticale ed orizzontale;Sereno;Scarso;Buona;Ore Diurne;0;0;0;2;12.59582;41.85768;-1;1;Autovettura privata;In marcia / fermata / arresto;Conducente;M;Illeso;0;;Non accertato;Inesploso
2935151;8;20/08/2016 05:40;Strada Urbana;VIA DEL FOSSO DI S. MAURA;all'intersezione con;VIA DELLE RONDINI;VIA DELLE RONDINI;;;Tamponamento;Intersezione stradale segnalata;Una carreggiata a doppio senso;Asciutto;Asfaltata;Verticale ed orizzontale;Sereno;Scarso;Buona;Ore Diurne;0;0;0;2;12.59582;41.85768;-1;2;Velocipede;In marcia / fermata / arresto;Conducente;M;Illeso;0;;Esente;
2935153;8;20/08/2016 08:20;Strada Urbana;VIA PRENESTINA;all'intersezione con;VIA DI VALLE BAGNATA;VIA DI VALLE BAGNATA;;;Veicolo in marcia contro veicolo arresto;Incrocio;Due carreggiate;Asciutto;Asfaltata;Verticale;Sereno;Scarso;Buona;Ore Diurne;1;0;0;1;12.61685;41.89321;-1;1;Autovettura privata;In marcia / fermata / arresto;Conducente;M;Illeso;0;;Non accertato;Inesploso
2935153;8;20/08/2016 08:20;Strada Urbana;VIA PRENESTINA;all'intersezione con;VIA DI VALLE BAGNATA;VIA DI VALLE BAGNATA;;;Veicolo in marcia contro veicolo arresto;Incrocio;Due carreggiate;Asciutto;Asfaltata;Verticale;Sereno;Scarso;Buona;Ore Diurne;1;0;0;1;12.61685;41.89321;-1;2;Motociclo a solo;In marcia / fermata / arresto;Conducente;M;Rimandato;0;NON DECEDUTO;Non accertato;
2935294;7;20/08/2016 13:20;Strada Urbana;VIALE DELLE ORCHIDEE;all'intersezione con;VIA DELLE PALME;VIA DELLE PALME;;;Scontro laterale fra veicoli in marcia;Incrocio;Una carreggiata a doppio senso;Asciutto;Asfaltata;Verticale ed orizzontale;Sereno;Scarso;Buona;Ore Diurne;0;0;0;2;12.56906;41.89018;-1;1;Autovettura privata;In marcia / fermata / arresto;Conducente;M;Illeso;0;;;
2935294;7;20/08/2016 13:20;Strada Urbana;VIALE DELLE ORCHIDEE;all'intersezione con;VIA DELLE PALME;VIA DELLE PALME;;;Scontro laterale fra veicoli in marcia;Incrocio;Una carreggiata a doppio senso;Asciutto;Asfaltata;Verticale ed orizzontale;Sereno;Scarso;Buona;Ore Diurne;0;0;0;2;12.56906;41.89018;-1;2;Autovettura privata;In marcia / fermata / arresto;Conducente;M;Illeso;0;;;
2935315;1;19/08/2016 20:40;Strada Urbana;CORSO VITTORIO EMANUELE II;in corrispondenza;;del civico n.;297;;Investimento di pedone;Rettilineo;Una carreggiata a doppio senso;Asciutto;Asfaltata;Verticale ed orizzontale;Sereno;Scarso;Sufficiente;Sufficiente;2;1;0;0;12.46711;41.89918;-1;;;;Pedone;M;Prognosi riservata;0;NON DECEDUTO;;
2935315;1;19/08/2016 20:40;Strada Urbana;CORSO VITTORIO EMANUELE II;in corrispondenza;;del civico n.;297;;Investimento di pedone;Rettilineo;Una carreggiata a doppio senso;Asciutto;Asfaltata;Verticale ed orizzontale;Sereno;Scarso;Sufficiente;Sufficiente;2;1;0;0;12.46711;41.89918;-1;;;;Pedone;M;Ricoverato;0;NON DECEDUTO;;
2935315;1;19/08/2016 20:40;Strada Urbana;CORSO VITTORIO EMANUELE II;in corrispondenza;;del civico n.;297;;Investimento di pedone;Rettilineo;Una carreggiata a doppio senso;Asciutto;Asfaltata;Verticale ed orizzontale;Sereno;Scarso;Sufficiente;Sufficiente;2;1;0;0;12.46711;41.89918;-1;1;Motociclo a solo;In marcia / fermata / arresto;Conducente;M;Rimandato;0;NON DECEDUTO;Non accertato;
2935553;20;20/08/2016 16:40;Strada Urbana;VIA DEL FORO ITALICO;da specificare;;;;prossimità via Monti della Farnesina;Tamponamento Multiplo;Curva a visuale libera;Una carreggiata a senso unico di marcia;Asciutto;Asfaltata;Verticale ed orizzontale;Sereno;Normale;Buona;Ore Diurne;3;0;0;6;12.48375;41.93991;-1;1;Autovettura privata;In marcia / fermata / arresto;Conducente;M;Rifiuta cure immediate;0;NON DECEDUTO;Non accertato;
2935553;20;20/08/2016 16:40;Strada Urbana;VIA DEL FORO ITALICO;da specificare;;;;prossimità via Monti della Farnesina;Tamponamento Multiplo;Curva a visuale libera;Una carreggiata a senso unico di marcia;Asciutto;Asfaltata;Verticale ed orizzontale;Sereno;Normale;Buona;Ore Diurne;3;0;0;6;12.48375;41.93991;-1;1;Autovettura privata;In marcia / fermata / arresto;Passeggero;M;Rifiuta cure immediate;0;NON DECEDUTO;Non accertato;
2935553;20;20/08/2016 16:40;Strada Urbana;VIA DEL FORO ITALICO;da specificare;;;;prossimità via Monti della Farnesina;Tamponamento Multiplo;Curva a visuale libera;Una carreggiata a senso unico di marcia;Asciutto;Asfaltata;Verticale ed orizzontale;Sereno;Normale;Buona;Ore Diurne;3;0;0;6;12.48375;41.93991;-1;1;Autovettura privata;In marcia / fermata / arresto;Passeggero;M;Illeso;0;;Non accertato;Inesploso
2935553;20;20/08/2016 16:40;Strada Urbana;VIA DEL FORO ITALICO;da specificare;;;;prossimità via Monti della Farnesina;Tamponamento Multiplo;Curva a visuale libera;Una carreggiata a senso unico di marcia;Asciutto;Asfaltata;Verticale ed orizzontale;Sereno;Normale;Buona;Ore Diurne;3;0;0;6;12.48375;41.93991;-1;2;Autovettura privata;In marcia / fermata / arresto;Conducente;M;Illeso;0;;Non accertato;