Protocollo;Gruppo;DataOraIncidente;Localizzazione1;STRADA1;Localizzazione2;STRADA2;Strada02;Chilometrica;DaSpecificare;NaturaIncidente;particolaritastrade;TipoStrada;FondoStradale;Pavimentazione;Segnaletica;CondizioneAtmosferica;Traffico;Visibilita;Illuminazione;NUM_FERITI;NUM_RISERVATA;NUM_MORTI;NUM_ILLESI;Longitudine;Latitudine;Confermato;Progressivo;TipoVeicolo;StatoVeicolo;TipoPersona;Sesso;Tipolesione;Deceduto;DecedutoDopo;CinturaCascoUtilizzato;Airbag
2943467;8;29/08/2016 19:00;Strada Urbana;VIA DELL'ACQUA VERGINE;in corrispondenza;;del palo luce n.;27;;Scontro frontale/laterale SX fra veicoli in marcia;Curva a visuale libera;Una carreggiata a doppio senso;Asciutto;Asfaltata;Verticale ed orizzontale;Sereno;Normale;Buona;Ore Diurne;1;0;0;4;12.62592;41.89616;-1;2;Autovettura privata;In marcia / fermata / arresto;Passeggero;F;Illeso;0;;Non accertato;Inesploso
2943467;8;29/08/2016 19:00;Strada Urbana;VIA DELL'ACQUA VERGINE;in corrispondenza;;del palo luce n.;27;;Scontro frontale/laterale SX fra veicoli in marcia;Curva a visuale libera;Una carreggiata a doppio senso;Asciutto;Asfaltata;Verticale ed orizzontale;Sereno;Normale;Buona;Ore Diurne;1;0;0;4;12.62592;41.89616;-1;2;Autovettura privata;In marcia / fermata / arresto;Passeggero;F;Illeso;0;;Non accertato;Inesploso
2943467;8;29/08/2016 19:00;Strada Urbana;VIA DELL'ACQUA VERGINE;in corrispondenza;;del palo luce n.;27;;Scontro frontale/laterale SX fra veicoli in marcia;Curva a visuale libera;Una carreggiata a doppio senso;Asciutto;Asfaltata;Verticale ed orizzontale;Sereno;Normale;Buona;Ore Diurne;1;0;0;4;12.62592;41.89616;-1;2;Autovettura privata;In marcia / fermata / arresto;Passeggero;F;Illeso;0;;Non accertato;Inesploso
2943469;8;29/08/2016 17:55;Statale entro l'abitato;VIA CASILINA;da specificare;;;;altezza civ. 1383;Investimento di pedone;Rettilineo;Una carreggiata a senso unico di marcia;Asciutto;Asfaltata;Verticale ed orizzontale;Sereno;Normale;Buona;Ore Diurne;1;0;0;2;12.60933;41.86405;-1;;;;Pedone;M;Ricoverato;0;NON DECEDUTO;;
2943469;8;29/08/2016 17:55;Statale entro l'abitato;VIA CASILINA;da specificare;;;;altezza civ. 1383;Investimento di pedone;Rettilineo;Una carreggiata a senso unico di marcia;Asciutto;Asfaltata;Verticale ed orizzontale;Sereno;Normale;Buona;Ore Diurne;1;0;0;2;12.60933;41.86405;-1;1;Autovettura privata;In marcia / fermata / arresto;Conducente;M;Illeso;0;;Non accertato;
2943469;8;29/08/2016 17:55;Statale entro l'abitato;VIA CASILINA;da specificare;;;;altezza civ. 1383;Investimento di pedone;Rettilineo;Una carreggiata a senso unico di marcia;Asciutto;Asfaltata;Verticale ed orizzontale;Sereno;Normale;Buona;Ore Diurne;1;0;0;2;12.60933;41.86405;-1;1;Autovettura privata;In marcia / fermata / arresto;Passeggero;F;Illeso;0;;Non accertato;
2943470;5;29/08/2016 23:30;Strada Urbana;VIA NOMENTANA;da specificare;;;;dir. G.R.A. alt. VIA Q. TOSATTI;Veicolo in marcia contro ostacolo fisso;Rettilineo;Una carreggiata a doppio senso;Asciutto;Asfaltata;Orizzontale;Sereno;Scarso;Sufficiente;Sufficiente;0;0;0;1;12.56864;41.94769;-1;1;Autovettura privata;In marcia / fermata / arresto;Conducente;M;Illeso;0;;Non accertato;
2943477;5;30/08/2016 00:10;Strada Urbana;VIALE PALMIRO TOGLIATTI;all'intersezione con;VIA DEI MELI;VIA DEI MELI;;;Scontro frontale/laterale SX fra veicoli in marcia;Intersezione semaforizzata;Due carreggiate;Asciutto;Asfaltata;Verticale ed orizzontale;Sereno;Normale;Sufficiente;Sufficiente;1;0;0;2;12.57293;41.88085;-1;1;Autovettura privata;In marcia / fermata / arresto;Conducente;M;Illeso;0;;Non accertato;
2943477;5;30/08/2016 00:10;Strada Urbana;VIALE PALMIRO TOGLIATTI;all'intersezione con;VIA DEI MELI;VIA DEI MELI;;;Scontro frontale/laterale SX fra veicoli in marcia;Intersezione semaforizzata;Due carreggiate;Asciutto;Asfaltata;Verticale ed orizzontale;Sereno;Normale;Sufficiente;Sufficiente;1;0;0;2;12.57293;41.88085;-1;1;Autovettura privata;In marcia / fermata / arresto;Passeggero;M;Illeso;0;;Non utilizzato;
2943477;5;30/08/2016 00:10;Strada Urbana;VIALE PALMIRO TOGLIATTI;all'intersezione con;VIA DEI MELI;VIA DEI MELI;;;Scontro frontale/laterale SX fra veicoli in marcia;Intersezione semaforizzata;Due carreggiate;Asciutto;Asfaltata;Verticale ed orizzontale;Sereno;Normale;Sufficiente;Sufficiente;1;0;0;2;12.57293;41.88085;-1;2;Motociclo a solo;In marcia / fermata / arresto;Conducente;M;Rimandato;0;NON DECEDUTO;Non accertato;
2943486;13;29/08/2016 15:15;Strada Urbana;VIA CAPO PALINURO;all'intersezione con;VIA ALESSANDRO PIOLA CASELLI;VIA ALESSANDRO PIOLA CASELLI;;;Scontro frontale/laterale SX fra veicoli in marcia;Incrocio;Una carreggiata a doppio senso;Asciutto;Asfaltata;Verticale ed orizzontale;Sereno;Normale;Buona;Ore Diurne;2;0;0;1;12.28736;41.73752;-1;1;Autovettura privata;In marcia / fermata / arresto;Conducente;M;Illeso;0;;Non accertato;
2943486;13;29/08/2016 15:15;Strada Urbana;VIA CAPO PALINURO;all'intersezione con;VIA ALESSANDRO PIOLA CASELLI;VIA ALESSANDRO PIOLA CASELLI;;;Scontro frontale/laterale SX fra veicoli in marcia;Incrocio;Una carreggiata a doppio senso;Asciutto;Asfaltata;Verticale ed orizzontale;Sereno;Normale;Buona;Ore Diurne;2;0;0;1;12.28736;41.73752;-1;2;Autovettura privata;In marcia / fermata / arresto;Conducente;F;Rimandato;0;NON DECEDUTO;Non accertato;
2943486;13;29/08/2016 15:15;Strada Urbana;VIA CAPO PALINURO;all'intersezione con;VIA ALESSANDRO PIOLA CASELLI;VIA ALESSANDRO PIOLA CASELLI;;;Scontro frontale/laterale SX fra veicoli in marcia;Incrocio;Una carreggiata a doppio senso;Asciutto;Asfaltata;Verticale ed orizzontale;Sereno;Normale;Buona;Ore Diurne;2;0;0;1;12.28736;41.73752;-1;2;Autovettura privata;In marcia / fermata / arresto;Passeggero;M;Rimandato;0;NON DECEDUTO;Non accertato;
2943500;11;29/08/2016 16:10;Strada Urbana;VIA DEL PORTO FLUVIALE;in corrispondenza;;del civico n.;3;;Infortunio per sola frenata improvvisa;Rettilineo;Una carreggiata a doppio senso;Asciutto;Asfaltata;Verticale ed orizzontale;Sereno;Normale;Buona;Ore Diurne;1;0;0;0;12.47953;41.87228;-1;1;Motociclo a solo;In marcia / fermata / arresto;Conducente;F;Rifiuta cure immediate;0;NON DECEDUTO;;
2943504;11;29/08/2016 14:00;Strada Urbana;VIA CRISTOFORO COLOMBO;all'intersezione semaforizzata con;VIA VEDANA;VIA VEDANA;;;Scontro frontale/laterale DX fra veicoli in marcia;Intersezione semaforizzata;Più di due carreggiate;Asciutto;Asfaltata;Verticale ed orizzontale;Sereno;Normale;Buona;Ore Diurne;0;0;0;2;12.48106;41.84732;-1;1;Autovettura privata;In marcia / fermata / arresto;Conducente;M;Illeso;0;;Non accertato;
2943504;11;29/08/2016 14:00;Strada Urbana;VIA CRISTOFORO COLOMBO;all'intersezione semaforizzata con;VIA VEDANA;VIA VEDANA;;;Scontro frontale/laterale DX fra veicoli in marcia;Intersezione semaforizzata;Più di due carreggiate;Asciutto;Asfaltata;Verticale ed orizzontale;Sereno;Normale;Buona;Ore Diurne;0;0;0;2;12.48106;41.84732;-1;2;Autovettura privata;In marcia / fermata / arresto;Conducente;M;Illeso;0;;Non accertato;
2943506;17;29/08/2016 01:45;Strada Urbana;VIA APPIA PIGNATELLI;in prossimità;;del civico n.;62;;Veicolo in marcia contro ostacolo fisso;Curva a visuale libera;Una carreggiata a doppio senso;Asciutto;Asfaltata;Orizzontale;Sereno;Scarso;Sufficiente;Sufficiente;1;0;0;0;12.52122;41.85657;-1;1;Autovettura privata;In marcia / fermata / arresto;Conducente;M;Rimandato;0;NON DECEDUTO;Non accertato;Esploso
2943510;18;29/08/2016 15:50;Strada Urbana;VIA DI ACQUAFREDDA;da specificare;;;;fronte palo ACEA 21 ;Tamponamento Multiplo;Rettilineo;Una carreggiata a doppio senso;Asciutto;Asfaltata;Orizzontale;Sereno;Normale;Buona;Ore Diurne;2;0;0;1;12.39591;41.8932;-1;1;Autovettura privata;In marcia / fermata / arresto;Conducente;M;Illeso;0;;Non accertato;Inesploso
2943510;18;29/08/2016 15:50;Strada Urbana;VIA DI ACQUAFREDDA;da specificare;;;;fronte palo ACEA 21 ;Tamponamento Multiplo;Rettilineo;Una carreggiata a doppio senso;Asciutto;Asfaltata;Orizzontale;Sereno;Normale;Buona;Ore Diurne;2;0;0;1;12.39591;41.8932;-1;2;Autocarro inferiore 35 q.;In marcia / fermata / arresto;Conducente;M;Rifiuta cure immediate;0;NON DECEDUTO;Non accertato;Inesploso
2943510;18;29/08/2016 15:50;Strada Urbana;VIA DI ACQUAFREDDA;da specificare;;;;fronte palo ACEA 21 ;Tamponamento Multiplo;Rettilineo;Una carreggiata a doppio senso;Asciutto;Asfaltata;Orizzontale;Sereno;Normale;Buona;Ore Diurne;2;0;0;1;12.39591;41.8932;-1;3;Autovettura privata;In marcia / fermata / arresto;Conducente;M;Rimandato;0;NON DECEDUTO;Non accertato;Esploso
2943513;11;30/08/2016 07:30;Strada Urbana;VIA LUIGI PERNA;all'intersezione con;VIA VEDANA;VIA VEDANA;;;Tamponamento;Incrocio;Due carreggiate;Asciutto;Asfaltata;Verticale ed orizzontale;Sereno;Normale;Buona;Ore Diurne;1;0;0;1;12.48207;41.84649;-1;1;Autovettura privata;In marcia / fermata / arresto;Conducente;M;Illeso;0;;;Inesploso
2943513;11;30/08/2016 07:30;Strada Urbana;VIA LUIGI PERNA;all'intersezione con;VIA VEDANA;VIA VEDANA;;;Tamponamento;Incrocio;Due carreggiate;Asciutto;Asfaltata;Verticale ed orizzontale;Sereno;Normale;Buona;Ore Diurne;1;0;0;1;12.48207;41.84649;-1;2;Motociclo a solo;In marcia / fermata / arresto;Conducente;M;Rimandato;0;NON DECEDUTO;;
2943514;20;29/08/2016 21:30;Regionale entro l'abitato;VIA CASSIA;in prossimità;;del civico n.;829;;Tamponamento;Rettilineo;Una carreggiata a doppio senso;Asciutto;Asfaltata;Orizzontale;Sereno;Scarso;Buona;Sufficiente;0;0;0;2;12.43942;41.96735;-1;1;Autovettura privata;In marcia / fermata / arresto;Conducente;M;Illeso;0;;Non accertato;
2943514;20;29/08/2016 21:30;Regionale entro l'abitato;VIA CASSIA;in prossimità;;del civico n.;829;;Tamponamento;Rettilineo;Una carreggiata a doppio senso;Asciutto;Asfaltata;Orizzontale;Sereno;Scarso;Buona;Sufficiente;0;0;0;2;12.43942;41.96735;-1;2;Autovettura privata;In marcia / fermata / arresto;Conducente;M;Illeso;0;;;
2943516;19;29/08/2016 20:45;Strada Urbana;VIA DEL MONFERRATO;da specificare;;;;PROSS. f.c. 12;Veicolo in marcia contro veicolo in sosta;Rettilineo;Una carreggiata a doppio senso;Asciutto;Asfaltata;Assente;Sereno;Scarso;Buona;Sufficiente;0;0;0;1;12.32704;41.93602;-1;2;Autovettura privata;In marcia / fermata / arresto;Conducente;F;Illeso;0;;Non accertato;Inesploso
2943528;17;29/08/2016 21:10;Strada Urbana;LUNGOTEVERE DELLA VITTORIA;in prossimità;;del palo luce n.;Acea 13;;Veicolo in marcia contro ostacolo accidentale;Rettilineo;Una carreggiata a doppio senso;Asciutto;Asfaltata;Orizzontale;Sereno;Scarso;Sufficiente;Sufficiente;0;0;0;1;12.46178;41.9227;-1;1;Autovettura privata;In marcia / fermata / arresto;Conducente;M;Illeso;0;;;
2943531;6;29/08/2016 17:50;Strada Urbana;VIA CASILINA;all'intersezione semaforizzata con;PIAZZA DELLA MARRANELLA;PIAZZA DELLA MARRANELLA;;;Scontro laterale fra veicoli in marcia;Intersezione semaforizzata;Più di due carreggiate;Asciutto;Asfaltata;Verticale ed orizzontale;Sereno;Normale;Buona;Ore Diurne;0;0;0;2;12.54229;41.88031;-1;1;Autovettura privata;In marcia / fermata / arresto;Conducente;M;Illeso;0;;;
2943531;6;29/08/2016 17:50;Strada Urbana;VIA CASILINA;all'intersezione semaforizzata con;PIAZZA DELLA MARRANELLA;PIAZZA DELLA MARRANELLA;;;Scontro laterale fra veicoli in marcia;Intersezione semaforizzata;Più di due carreggiate;Asciutto;Asfaltata;Verticale ed orizzontale;Sereno;Normale;Buona;Ore Diurne;0;0;0;2;12.54229;41.88031;-1;2;Autocarro inferiore 35 q.;In marcia / fermata / arresto;Conducente;M;Illeso;0;;;
2943534;12;29/08/2016 17:40;Strada Urbana;VIALE DELL'UMANESIMO;all'intersezione con;VIALE DELL'OCEANO ATLANTICO;VIALE DELL'OCEANO ATLANTICO;;;Scontro laterale fra veicoli in marcia;Intersezione stradale segnalata;Una carreggiata a doppio senso;Asciutto;Asfaltata;Verticale ed orizzontale;Sereno;Normale;Buona;Ore Diurne;0;0;0;2;12.47869;41.8208;-1;1;Autovettura privata;In marcia / fermata / arresto;Conducente;F;Illeso;0;;Utilizzato;Inesploso
2943534;12;29/08/2016 17:40;Strada Urbana;VIALE DELL'UMANESIMO;all'intersezione con;VIALE DELL'OCEANO ATLANTICO;VIALE DELL'OCEANO ATLANTICO;;;Scontro laterale fra veicoli in marcia;Intersezione stradale segnalata;Una carreggiata a doppio senso;Asciutto;Asfaltata;Verticale ed orizzontale;Sereno;Normale;Buona;Ore Diurne;0;0;0;2;12.47869;41.8208;-1;2;Autovettura privata;In marcia / fermata / arresto;Conducente;F;Illeso;0;;Utilizzato;Inesploso
2943555;4;29/08/2016 15:00;Strada Urbana;VIA CASALE REDICICOLI;da specificare;;;;parcheggio interrato C.C. Porta di Roma -1 (S10);Scontro frontale/laterale SX fra veicoli in marcia;Rettilineo;Una carreggiata a doppio senso;Asciutto;Asfaltata;Verticale ed orizzontale;Sereno;Intenso;Sufficiente;Ore Diurne;1;0;0;1;12.54146;41.97157;-1;1;Autovettura privata;In marcia / fermata / arresto;Conducente;M;Illeso;0;;Non accertato;Esploso
2943555;4;29/08/2016 15:00;Strada Urbana;VIA CASALE REDICICOLI;da specificare;;;;parcheggio interrato C.C. Porta di Roma -1 (S10);Scontro frontale/laterale SX fra veicoli in marcia;Rettilineo;Una carreggiata a doppio senso;Asciutto;Asfaltata;Verticale ed orizzontale;Sereno;Intenso;Sufficiente;Ore Diurne;1;0;0;1;12.54146;41.97157;-1;2;Autovettura privata;In marcia / fermata / arresto;Conducente;F;Rimandato;0;NON DECEDUTO;Non accertato;Inesploso
2943558;12;29/08/2016 18:50;Strada Urbana;VIALE DEL PATTINAGGIO;da specificare;;;;prossimità VIA TRE FONTANE;Fuoriuscita dalla sede stradale;Curva a visuale libera;Una carreggiata a doppio senso;Asciutto;Asfaltata;Verticale ed orizzontale;Sereno;Normale;Buona;Ore Diurne;1;0;0;0;12.47246;41.83963;-1;1;Quadriciclo leggero;In marcia / fermata / arresto;Conducente;F;Rimandato;0;NON DECEDUTO;Non accertato;Inesploso
2943570;1;26/08/2016 19:35;Strada Urbana;VIA DI S. STEFANO ROTONDO;all'intersezione con;VIA DELLA NAVICELLA;VIA DELLA NAVICELLA;;;Scontro frontale/laterale SX fra veicoli in marcia;Intersezione stradale segnalata;Una carreggiata a doppio senso;Asciutto;Asfaltata;Verticale ed orizzontale;Sereno;Scarso;Sufficiente;Sufficiente;1;0;0;1;12.49926;41.8858;-1;1;Autovettura privata;In marcia / fermata / arresto;Conducente;M;Illeso;0;;;
2943570;1;26/08/2016 19:35;Strada Urbana;VIA DI S. STEFANO ROTONDO;all'intersezione con;VIA DELLA NAVICELLA;VIA DELLA NAVICELLA;;;Scontro frontale/laterale SX fra veicoli in marcia;Intersezione stradale segnalata;Una carreggiata a doppio senso;Asciutto;Asfaltata;Verticale ed orizzontale;Sereno;Scarso;Sufficiente;Sufficiente;1;0;0;1;12.49926;41.8858;-1;2;Motociclo a solo;In marcia / fermata / arresto;Conducente;M;Rimandato;0;NON DECEDUTO;;
2943577;20;29/08/2016 21:00;Regionale entro l'abitato;VIA CASSIA;all'intersezione con;VIA VILFREDO PARETO;VIA VILFREDO PARETO;;;Scontro laterale fra veicoli in marcia;Incrocio;Una carreggiata a doppio senso;Asciutto;Asfaltata;Orizzontale;Sereno;Scarso;Buona;Sufficiente;1;0;0;0;12.46134;41.95007;-1;1;Motociclo a solo;In marcia / fermata / arresto;Conducente;M;Rimandato;0;NON DECEDUTO;Non accertato;
2943578;4;29/08/2016 15:10;Strada Urbana;VIA MONTE CERVIALTO;da specificare;;;;fronte civico n. 142;Scontro laterale fra veicoli in marcia;Rettilineo;Una carreggiata a doppio senso;Asciutto;Asfaltata;Verticale ed orizzontale;Sereno;Normale;Buona;Ore Diurne;0;0;0;2;12.52321;41.95425;-1;1;Filobus;In marcia / fermata / arresto;Conducente;M;Illeso;0;;Esente;Inesploso
2943578;4;29/08/2016 15:10;Strada Urbana;VIA MONTE CERVIALTO;da specificare;;;;fronte civico n. 142;Scontro laterale fra veicoli in marcia;Rettilineo;Una carreggiata a doppio senso;Asciutto;Asfaltata;Verticale ed orizzontale;Sereno;Normale;Buona;Ore Diurne;0;0;0;2;12.52321;41.95425;-1;2;Autovettura privata;In marcia / fermata / arresto;Conducente;M;Illeso;0;;Non accertato;Esploso
2943581;6;29/08/2016 12:40;Strada Urbana;VIA DI ACQUA BULLICANTE;in corrispondenza;;del civico n.;255;;Tamponamento;Rettilineo;Una carreggiata a doppio senso;Asciutto;Asfaltata;Verticale ed orizzontale;Sereno;Normale;Buona;Ore Diurne;1;0;0;1;12.54255;41.88828;-1;1;Autovettura privata;In marcia / fermata / arresto;Conducente;F;Rimandato;0;NON DECEDUTO;Non accertato;Inesploso
2943581;6;29/08/2016 12:40;Strada Urbana;VIA DI ACQUA BULLICANTE;in corrispondenza;;del civico n.;255;;Tamponamento;Rettilineo;Una carreggiata a doppio senso;Asciutto;Asfaltata;Verticale ed orizzontale;Sereno;Normale;Buona;Ore Diurne;1;0;0;1;12.54255;41.88828;-1;2;Autovettura privata;In marcia / fermata / arresto;Conducente;M;Illeso;0;;;
2943582;12;29/08/2016 21:00;Strada Urbana;VIALE DELL'OCEANO PACIFICO;all'intersezione con;VIALE CITTA' D'EUROPA;VIALE CITTA' D'EUROPA;;;Veicolo in marcia contro ostacolo accidentale;Incrocio;Una carreggiata a doppio senso;Asciutto;Asfaltata;Verticale ed orizzontale;Sereno;Normale;Buona;Sufficiente;0;0;0;1;12.45586;41.82562;-1;1;Autovettura pubblica;In marcia / fermata / arresto;Conducente;M;Illeso;0;;Utilizzato;Inesploso
2943586;11;29/08/2016 11:25;Strada Urbana;VIA DEL PORTO FLUVIALE;all'intersezione semaforizzata con;VIA DELLE CONCE;VIA DELLE CONCE;;;Scontro frontale/laterale DX fra veicoli in marcia;Intersezione semaforizzata;Una carreggiata a doppio senso;Asciutto;Asfaltata;Verticale ed orizzontale;Sereno;Normale;Buona;Ore Diurne;1;0;0;1;12.47869;41.87237;-1;1;Autovettura privata;In marcia / fermata / arresto;Conducente;M;Illeso;0;;;
2943586;11;29/08/2016 11:25;Strada Urbana;VIA DEL PORTO FLUVIALE;all'intersezione semaforizzata con;VIA DELLE CONCE;VIA DELLE CONCE;;;Scontro frontale/laterale DX fra veicoli in marcia;Intersezione semaforizzata;Una carreggiata a doppio senso;Asciutto;Asfaltata;Verticale ed orizzontale;Sereno;Normale;Buona;Ore Diurne;1;0;0;1;12.47869;41.87237;-1;2;Motociclo a solo;In marcia / fermata / arresto;Conducente;M;Rimandato;0;NON DECEDUTO;;
2943606;1;27/08/2016 03:10;Strada Urbana;PIAZZA DI S. MARIA MAGGIORE;in prossimità;;del civico n.;5D;;Veicolo in marcia contro ostacolo accidentale;Curva a visuale libera;Una carreggiata a senso unico di marcia;Asciutto;Asfaltata;Verticale ed orizzontale;Sereno;Scarso;Buona;Sufficiente;1;0;0;0;12.49956;41.8974;-1;1;Motociclo a solo;In marcia / fermata / arresto;Conducente;M;Rimandato;0;NON DECEDUTO;;
2943624;1;26/08/2016 13:30;Strada Urbana;PASSEGGIATA DEL GIANICOLO;da specificare;;;;altezza albero n.198;Veicolo in marcia contro veicoli in sosta;Rettilineo;Una carreggiata a doppio senso;Asciutto;Asfaltata;Verticale ed orizzontale;Sereno;Normale;Buona;Ore Diurne;0;0;0;2;12.46057;41.89359;-1;1;Autovettura privata;In marcia / fermata / arresto;Conducente;F;Illeso;0;;;
2943624;1;26/08/2016 13:30;Strada Urbana;PASSEGGIATA DEL GIANICOLO;da specificare;;;;altezza albero n.198;Veicolo in marcia contro veicoli in sosta;Rettilineo;Una carreggiata a doppio senso;Asciutto;Asfaltata;Verticale ed orizzontale;Sereno;Normale;Buona;Ore Diurne;0;0;0;2;12.46057;41.89359;-1;5;Autovettura privata;In marcia / fermata / arresto;Conducente;F;Illeso;0;;;
2943626;10;30/08/2016 09:00;Strada Urbana;VIALE S. GIOVANNI BOSCO;all'intersezione semaforizzata con;VIA CALPURNIO FIAMMA;VIA CALPURNIO FIAMMA;;;Scontro frontale/laterale DX fra veicoli in marcia;Intersezione semaforizzata;Due carreggiate;Asciutto;Asfaltata;Verticale ed orizzontale;Sereno;Normale;Buona;Ore Diurne;0;0;0;2;12.56073;41.86067;-1;1;Autovettura privata;In marcia / fermata / arresto;Conducente;M;Illeso;0;;Non accertato;Inesploso
2943626;10;30/08/2016 09:00;Strada Urbana;VIALE S. GIOVANNI BOSCO;all'intersezione semaforizzata con;VIA CALPURNIO FIAMMA;VIA CALPURNIO FIAMMA;;;Scontro frontale/laterale DX fra veicoli in marcia;Intersezione semaforizzata;Due carreggiate;Asciutto;Asfaltata;Verticale ed orizzontale;Sereno;Normale;Buona;Ore Diurne;0;0;0;2;12.56073;41.86067;-1;2;Autovettura privata;In marcia / fermata / arresto;Conducente;M;Illeso;0;;Non accertato;Inesploso
2943666;1;28/08/2016 01:15;Strada Urbana;PIAZZA BARBERINI;in prossimità;;del civico n.;23;;Veicolo in marcia contro ostacolo accidentale;Curva a visuale libera;Una carreggiata a senso unico di marcia;Asciutto;Asfaltata;Verticale ed orizzontale;Sereno;Scarso;Buona;Sufficiente;1;0;0;0;12.48937;41.90402;-1;1;Motociclo a solo;In marcia / fermata / arresto;Conducente;M;Rifiuta cure immediate;0;NON DECEDUTO;Non accertato;
2943672;11;29/08/2016 04:00;Strada Urbana;VIA LAURENTINA;da specificare;;;;alt. civico 510;Veicolo in marcia contro ostacolo fisso;Rettilineo;Due carreggiate;Asciutto;Asfaltata;Orizzontale;Sereno;Scarso;Buona;Ore Diurne;0;0;0;2;12.48147;41.8018;-1;1;Autovettura privata;In marcia / fermata / arresto;Conducente;M;Illeso;0;;Non accertato;Inesploso
2943672;11;29/08/2016 04:00;Strada Urbana;VIA LAURENTINA;da specificare;;;;alt. civico 510;Veicolo in marcia contro ostacolo fisso;Rettilineo;Due carreggiate;Asciutto;Asfaltata;Orizzontale;Sereno;Scarso;Buona;Ore Diurne;0;0;0;2;12.48147;41.8018;-1;1;Autovettura privata;In marcia / fermata / arresto;Passeggero;F;Illeso;0;;Non accertato;Inesploso
2943681;1;28/08/2016 16:35;Strada Urbana;PIAZZA DELLA ROVERE;in prossimità;;del civico n.;85;;Scontro laterale fra veicoli in marcia;Rettilineo;Una carreggiata a senso unico di marcia;Asciutto;Asfaltata;Verticale ed orizzontale;Sereno;Normale;Buona;Ore Diurne;0;0;0;3;12.46287;41.89866;-1;1;Autovettura privata;In marcia / fermata / arresto;Conducente;M;Illeso;0;;Non accertato;Inesploso
2943681;1;28/08/2016 16:35;Strada Urbana;PIAZZA DELLA ROVERE;in prossimità;;del civico n.;85;;Scontro laterale fra veicoli in marcia;Rettilineo;Una carreggiata a senso unico di marcia;Asciutto;Asfaltata;Verticale ed orizzontale;Sereno;Normale;Buona;Ore Diurne;0;0;0;3;12.46287;41.89866;-1;1;Autovettura privata;In marcia / fermata / arresto;Passeggero;M;Illeso;0;;Non accertato;Inesploso
2943681;1;28/08/2016 16:35;Strada Urbana;PIAZZA DELLA ROVERE;in prossimità;;del civico n.;85;;Scontro laterale fra veicoli in marcia;Rettilineo;Una carreggiata a senso unico di marcia;Asciutto;Asfaltata;Verticale ed orizzontale;Sereno;Normale;Buona;Ore Diurne;0;0;0;3;12.46287;41.89866;-1;2;Autocarro inferiore 35 q.;In marcia / fermata / arresto;Conducente;M;Illeso;0;;Non accertato;Inesploso
2943698;1;28/08/2016 17:30;Strada Urbana;CORSO DEL RINASCIMENTO;in corrispondenza;;del civico n.;17;;Veicolo in marcia contro veicolo in sosta;Rettilineo;Una carreggiata a doppio senso;Asciutto;In cubetti di porfido;Verticale ed orizzontale;Sereno;Normale;Sufficiente;Ore Diurne;0;0;0;3;12.47391;41.89769;-1;1;Autovettura privata;In marcia / fermata / arresto;Conducente;M;Illeso;0;;Non accertato;
2943698;1;28/08/2016 17:30;Strada Urbana;CORSO DEL RINASCIMENTO;in corrispondenza;;del civico n.;17;;Veicolo in marcia contro veicolo in sosta;Rettilineo;Una carreggiata a doppio senso;Asciutto;In cubetti di porfido;Verticale ed orizzontale;Sereno;Normale;Sufficiente;Ore Diurne;0;0;0;3;12.47391;41.89769;-1;1;Autovettura privata;In marcia / fermata / arresto;Passeggero;F;Illeso;0;;Non accertato;
2943698;1;28/08/2016 17:30;Strada Urbana;CORSO DEL RINASCIMENTO;in corrispondenza;;del civico n.;17;;Veicolo in marcia contro veicolo in sosta;Rettilineo;Una carreggiata a doppio senso;Asciutto;In cubetti di porfido;Verticale ed orizzontale;Sereno;Normale;Sufficiente;Ore Diurne;0;0;0;3;12.47391;41.89769;-1;1;Autovettura privata;In marcia / fermata / arresto;Passeggero;F;Illeso;0;;Non accertato;
2943700;11;30/08/2016 07:55;Strada Urbana;VIA APPIA PIGNATELLI;in prossimità;;del palo luce n.;137;;Infortunio per caduta del veicolo;Curva senza visuale libera;Una carreggiata a doppio senso;Asciutto;Asfaltata;Orizzontale;Sereno;Normale;Buona;Ore Diurne;2;0;0;0;12.5357;41.84614;-1;1;Motociclo a solo;In marcia / fermata / arresto;Conducente;M;Rifiuta cure immediate;0;NON DECEDUTO;Utilizzato;
2943700;11;30/08/2016 07:55;Strada Urbana;VIA APPIA PIGNATELLI;in prossimità;;del palo luce n.;137;;Infortunio per caduta del veicolo;Curva senza visuale libera;Una carreggiata a doppio senso;Asciutto;Asfaltata;Orizzontale;Sereno;Normale;Buona;Ore Diurne;2;0;0;0;12.5357;41.84614;-1;2;Motociclo a solo;In marcia / fermata / arresto;Conducente;M;Rimandato;0;NON DECEDUTO;Utilizzato;
2943759;15;30/08/2016 10:30;Strada Urbana;VIA DEL PONTE PISANO;da specificare;;;;altezza palo luce Acea n. 50;Veicolo in marcia contro ostacolo accidentale;Rettilineo;Una carreggiata a doppio senso;Asciutto;Con buche;Verticale ed orizzontale;Sereno;Normale;Buona;Ore Diurne;0;0;0;2;12.40217;41.85008;-1;1;Autovettura privata;In marcia / fermata / arresto;Conducente;M;Illeso;0;;Utilizzato;Inesploso